0001,1997,00,2,Late
0001,2002,00,2,Late
0001,2003,00,2,Late
0001,2004,00,2,Late
0001,2005,00,2,Late
0001,2006,00,2,Late
0001,2007,00,2,Late
0001,2009,00,2,Early
0001,2010,00,2,Early
0001,2011,00,2,Early
0001,2012,00,2,Early
0002,2004,0,2,Early
0002,2005,0,2,Early
0002,2006,00,2,Late
0002,2007,00,2,Late
0002,2008,0,2,Mid
0002,2009,0,2,Mid
0002,2010,0,2,Mid
0002,2011,0,2,Mid
0002,2012,0,2,Mid
0003,2004,00,2,Mid
0003,2005,00,2,Mid
0003,2006,00,2,Mid
0003,2007,00,2,Mid
0003,2008,00,2,Mid
0003,2009,00,2,Mid
0003,2010,00,2,Mid
0003,2011,00,2,Mid
0003,2012,00,2,Mid
0004,2009,00,1,Early
0004,2010,00,1,Late
0004,2011,00,1,Late
0004,2012,00,1,Late
0006,2010,00,1,Mid
0006,2011,0,1,Early
0006,2012,00,1,Mid
0007,2010,0,2,Mid
0007,2011,0,2,Mid
0007,2012,0,2,Mid
0008,2012,0,2,Mid
0009,2012,0,2,Late
0010,2007,0,2,Mid
0010,2008,0,2,Mid
0010,2009,0,2,Mid
0010,2010,0,2,Mid
0010,2011,0,2,Mid
0010,2012,0,2,Mid
0011,2004,00,1,Early
0011,2005,00,1,Early
0011,2006,00,1,Early
0011,2007,00,1,Early
0011,2008,0,2,Mid
0011,2009,0,2,Mid
0011,2010,0,2,Mid
0011,2011,0,2,Mid
0011,2012,0,2,Mid
0012,2004,00,1,Early
0012,2005,00,1,Early
0012,2006,00,1,Early
0012,2007,00,1,Early
0012,2008,00,1,Early
0012,2009,00,1,Early
0012,2010,00,1,Early
0012,2011,00,1,Early
0012,2012,00,1,Early
0013,2004,00,1,Late
0013,2005,00,1,Late
0013,2006,00,1,Late
0013,2007,00,1,Late
0013,2009,00,1,Late
0013,2010,00,1,Late
0013,2011,00,1,Late
0013,2012,00,1,Late
0014,2009,00,2,Mid
0014,2010,00,2,Mid
0014,2011,00,2,Mid
0014,2012,00,2,Mid
0015,2009,0,2,Mid
0016,2011,00,1,Mid
0016,2012,00,1,Mid
0017,2011,0,1,Early
0017,2012,0,1,Early
0018,2011,00,1,Mid
0018,2012,00,1,Mid
0019,2011,000,1,Early
0019,2012,000,2,Late
0020,2007,0,2,Early
0020,2009,00,1,Mid
0020,2010,00,1,Early
0020,2011,00,1,Early
0020,2012,00,1,Early
0021,2009,00,1,Mid
0021,2010,00,1,Early
0021,2011,00,1,Early
0021,2012,00,1,Early
0022,2005,00,2,Mid
0022,2006,00,2,Mid
0022,2007,00,2,Mid
0022,2008,00,2,Mid
0022,2009,00,2,Mid
0022,2010,0,1,Mid
0022,2011,00,2,Mid
0022,2012,00,2,Mid
0023,2011,000,1,Late
0023,2012,000,1,Late
0024,2012,0,2,Mid
0030,2008,00,2,Late
0030,2009,0,2,Early
0030,2010,00,2,Late
0030,2011,00,2,Late
0030,2012,00,2,Late
0032,2012,000,1,Late
0033,2012,000,1,Late
0040,2009,0,2,Mid
0040,2010,0,2,Mid
0040,2011,0,2,Mid
0040,2012,0,2,Mid
0101,1997,00,1,Mid
0101,1998,00,1,Mid
0101,1999,00,1,Mid
0101,2000,00,1,Mid
0101,2001,00,1,Mid
0101,2002,00,1,Mid
0101,2003,0,1,Mid
0101,2004,0,1,Mid
0101,2005,00,1,Mid
0101,2006,00,1,Mid
0101,2007,00,1,Mid
0101,2008,00,1,Mid
0101,2009,00,1,Mid
0101,2010,00,1,Mid
0101,2011,00,1,Mid
0101,2012,00,1,Mid
0102,1999,0,1,Mid
0102,2000,0,1,Mid
0102,2001,0,1,Mid
0102,2002,0,1,Mid
0102,2003,0,1,Mid
0102,2004,0,1,Mid
0103,1999,0,1,Mid
0103,2000,0,1,Mid
0103,2001,0,1,Mid
0103,2002,0,1,Mid
0103,2003,0,1,Mid
0103,2004,0,1,Mid
0103,2007,0,1,Mid
0103,2008,0,1,Mid
0103,2009,0,1,Mid
0103,2010,0,1,Mid
0103,2011,0,1,Mid
0103,2012,0,1,Mid
0104,1999,0,1,Mid
0104,2000,0,1,Mid
0104,2001,0,1,Mid
0104,2002,0,1,Mid
0104,2003,0,1,Mid
0104,2004,0,1,Mid
0104,2005,0,1,Mid
0104,2007,0,1,Mid
0105,2000,0,1,Early
0105,2001,00,1,Late
0105,2002,00,1,Late
0105,2003,0,1,Early
0105,2004,0,1,Early
0105,2007,00,1,Mid
0105,2008,00,1,Mid
0105,2009,00,1,Mid
0105,2010,00,1,Mid
0105,2011,00,1,Mid
0105,2012,00,1,Mid
0106,2004,0,1,Mid
0106,2005,0,1,Mid
0106,2006,0,1,Mid
0106,2007,0,1,Mid
0106,2008,00,1,Late
0107,2004,0,1,Early
0107,2005,0,1,Early
0107,2006,0,1,Mid
0107,2007,0,1,Early
0107,2008,0,1,Early
0107,2009,0,1,Early
0107,2010,0,1,Early
0107,2011,0,1,Early
0107,2012,0,1,Early
0108,2004,0,1,Mid
0108,2005,00,2,Late
0108,2006,0,1,Mid
0108,2007,0,2,Mid
0109,2003,0,1,Mid
0109,2004,0,1,Mid
0109,2005,0,1,Mid
0109,2006,0,1,Early
0109,2007,0,1,Early
0109,2008,0,1,Early
0110,2007,0,1,Mid
0110,2008,0,1,Mid
0110,2009,0,1,Mid
0110,2010,0,1,Early
0110,2011,0,1,Mid
0110,2012,0,1,Mid
0111,2011,0,1,Early
0111,2012,0,1,Mid
0112,2009,0,1,Early
0113,2009,0,1,Mid
0114,2009,0,2,Late
0114,2010,0,2,Late
0114,2011,0,2,Late
0114,2012,0,2,Late
0116,2009,0,1,Mid
0116,2010,0,1,Mid
0116,2011,0,1,Mid
0116,2012,0,1,Mid
0117,2011,0,1,Mid
0117,2012,0,1,Mid
0118,2011,0,1,Late
0118,2012,0,1,Late
0119,2011,0,2,Late
0119,2012,0,2,Late
0120,2004,0,1,Mid
0120,2005,0,2,Mid
0120,2006,0,1,Mid
0120,2007,0,1,Mid
0120,2008,0,1,Mid
0120,2009,0,2,Mid
0120,2010,0,1,Mid
0120,2011,0,1,Mid
0120,2012,0,1,Mid
0121,2009,0,1,Mid
0121,2010,0,1,Mid
0121,2011,0,1,Mid
0121,2012,0,1,Mid
0130,2005,0,1,Mid
0130,2006,0,1,Mid
0130,2007,0,1,Mid
0130,2008,0,1,Mid
0130,2009,0,1,Mid
0130,2010,00,1,Mid
0130,2011,00,1,Mid
0130,2012,00,1,Late
0140,2005,0,1,Late
0140,2006,0,1,Late
0140,2007,0,1,Late
0140,2008,0,1,Late
0140,2009,0,1,Late
0140,2010,0,1,Late
0140,2011,0,1,Late
0140,2012,0,1,Late
0150,2007,0,1,Mid
0150,2008,0,1,Mid
0150,2009,0,1,Mid
0150,2010,0,1,Mid
0150,2011,0,1,Mid
0150,2012,0,1,Mid
0160,2008,00,1,Late
0160,2009,00,1,Late
0160,2010,00,1,Late
0160,2011,00,1,Late
0160,2012,00,1,Late
0201,1997,0,2,Mid
0201,1998,0,2,Mid
0201,2001,0,2,Mid
0201,2002,0,2,Mid
0202,2000,1,2,Early
0202,2001,1,2,Late
0202,2002,1,2,Late
0203,1997,1,2,Early
0203,1998,1,2,Early
0203,1999,1,2,Early
0203,2001,1,2,Early
0203,2002,1,2,Early
0204,1997,1,2,Early
0204,1998,1,2,Early
0204,2001,1,2,Early
0204,2002,1,2,Early
0204,2003,1,2,Early
0204,2004,1,2,Early
0205,1997,0,2,Mid
0205,1998,0,2,Mid
0205,2001,0,2,Mid
0205,2002,0,2,Mid
0206,2009,0,2,Late
0206,2010,0,2,Late
0206,2011,1,2,Early
0206,2012,1,2,Early
0207,2011,1,2,Mid
0208,2012,0,2,Late
0401,2007,0,1,Mid
0402,2008,0,1,Mid
0402,2009,0,1,Mid
0403,2008,1,2,Mid
0403,2009,0,1,Mid
0404,2008,0,1,Mid
0404,2009,00,1,Mid
0405,2008,0,1,Mid
0405,2009,0,1,Mid
0406,2009,00,2,Late
0406,2010,00,2,Late
0406,2011,00,1,Mid
0406,2012,00,2,Late
0407,2009,2,2,Late
0407,2010,0,2,Mid
0407,2011,0,2,Late
0407,2012,0,2,Late
0408,2010,0,2,Mid
0408,2011,0,2,Mid
0408,2012,0,2,Mid
0421,2003,00,1,Early
0421,2004,00,1,Early
0431,2003,00,1,Mid
0431,2004,00,1,Mid
0440,2004,0,1,Early
0441,2003,0,2,Mid
0441,2004,0,2,Mid
0452,2004,0,1,Mid
0471,2002,00,2,Late
0471,2003,00,2,Late
0471,2004,00,2,Late
0480,2003,0,1,Mid
0480,2004,0,1,Mid
0488,2002,0,1,Mid
0488,2003,0,1,Mid
0488,2004,0,1,Mid
0493,1997,1,2,Mid
0493,1998,1,2,Mid
0493,2000,1,2,Mid
0493,2001,1,2,Mid
0493,2003,0,2,Mid
0493,2004,0,2,Mid
0493,2012,0,2,Mid
0495,1999,0,2,Mid
0496,1999,00,1,Mid
0496,2000,00,1,Mid
0496,2001,00,1,Mid
0496,2002,00,1,Mid
0496,2003,00,1,Mid
0496,2004,00,1,Mid
0497,1999,0,1,Mid
0497,2000,0,1,Mid
0497,2001,0,1,Mid
0498,1999,0,1,Mid
0498,2000,0,1,Mid
0498,2001,0,1,Mid
0499,2002,0,1,Mid
0499,2003,0,1,Mid
0499,2004,0,1,Mid
0501,1997,0,5,Early
0501,1998,0,5,Early
0501,1999,0,5,Early
0501,2000,0,5,Early
0501,2001,0,5,Early
0501,2002,0,5,Early
0501,2003,0,5,Early
0501,2004,0,5,Early
0501,2005,0,5,Early
0501,2006,0,5,Early
0501,2007,0,5,Early
0501,2008,0,5,Early
0501,2012,00,5,Mid
0502,1998,00,5,Late
0502,1999,00,5,Late
0502,2000,00,5,Late
0502,2001,00,5,Late
0502,2002,00,5,Late
0502,2003,00,5,Late
0502,2004,00,5,Late
0502,2005,00,5,Late
0502,2012,00,5,Late
0503,1999,0,5,Early
0503,2000,0,5,Early
0503,2001,0,5,Early
0503,2002,0,5,Early
0503,2003,0,5,Early
0503,2004,0,5,Early
0503,2005,00,5,Mid
0503,2008,00,5,Late
0503,2009,00,5,Late
0503,2010,00,5,Late
0503,2011,00,5,Late
0503,2012,00,5,Late
0504,2000,0,5,Early
0504,2001,0,5,Early
0504,2002,0,5,Early
0504,2003,0,5,Early
0504,2004,0,5,Early
0504,2005,00,5,Late
0505,2001,1,5,Early
0505,2002,1,5,Early
0505,2003,1,5,Early
0505,2004,1,5,Early
0505,2005,1,5,Early
0506,2005,00,5,Late
0507,2005,00,5,Late
0510,1997,1,4,Mid
0510,1998,1,4,Mid
0510,1999,1,5,Early
0510,2000,1,5,Early
0510,2001,1,5,Early
0510,2002,1,5,Early
0510,2003,1,4,Mid
0510,2004,1,4,Mid
0510,2005,1,4,Mid
0510,2006,1,4,Mid
0510,2007,1,4,Mid
0510,2008,1,4,Mid
0510,2009,1,4,Mid
0510,2010,1,4,Mid
0510,2011,1,4,Mid
0510,2012,1,4,Mid
0512,2011,00,5,Late
0512,2012,00,5,Late
0513,2011,00,5,Late
0513,2012,00,5,Late
0514,2011,00,5,Mid
0514,2012,00,5,Mid
0516,2011,1,4,Early
0516,2012,1,4,Early
0517,2011,1,4,Early
0517,2012,1,4,Early
0520,1997,1,4,Early
0520,1999,1,4,Mid
0520,2000,1,4,Mid
0520,2001,1,4,Mid
0520,2002,1,4,Mid
0520,2003,1,4,Early
0520,2004,1,4,Early
0520,2005,1,4,Early
0520,2006,1,4,Early
0520,2007,1,4,Early
0520,2008,1,4,Early
0520,2009,1,4,Mid
0520,2010,1,4,Mid
0520,2011,1,4,Mid
0520,2012,1,4,Early
0525,2010,1,4,Late
0525,2011,1,4,Late
0525,2012,1,4,Late
0530,1997,00,5,Late
0530,1998,00,5,Late
0530,1999,00,5,Late
0530,2000,00,5,Late
0530,2001,00,5,Late
0530,2002,00,5,Late
0530,2003,00,5,Late
0530,2004,00,5,Late
0535,2011,1,4,Late
0535,2012,1,4,Late
0540,1997,1,4,Mid
0540,2000,1,4,Mid
0540,2001,1,4,Mid
0540,2002,1,4,Mid
0540,2003,1,4,Early
0540,2004,1,4,Early
0550,1997,1,4,Late
0550,1998,1,4,Late
0550,1999,1,4,Late
0550,2000,1,4,Late
0550,2001,1,4,Late
0550,2002,1,4,Late
0550,2003,1,4,Late
0550,2004,1,4,Late
0550,2005,1,4,Late
0550,2006,1,4,Late
0550,2007,1,4,Late
0550,2008,1,4,Late
0550,2009,1,4,Late
0550,2010,1,4,Late
0550,2011,1,4,Late
0550,2012,1,4,Late
0555,2011,1,4,Late
0555,2012,1,4,Late
0891,2000,1,4,Mid
0893,2000,1,4,Mid
0894,2000,1,4,Early
0896,2000,1,4,Early
1001,2006,1,2,Late
1001,2007,1,2,Late
1001,2008,1,2,Late
1001,2009,1,2,Late
1001,2010,1,2,Late
1001,2011,1,2,Late
1001,2012,1,2,Late
1020,2005,1,2,Early
1020,2006,1,2,Early
1020,2007,1,2,Early
1020,2008,1,2,Early
1020,2009,1,2,Early
1020,2010,1,2,Early
1020,2011,1,2,Early
1020,2012,1,2,Early
1030,1997,1,2,Late
1030,1998,1,2,Late
1030,1999,1,2,Late
1030,2000,1,2,Late
1030,2001,1,2,Late
1030,2002,1,2,Late
1030,2003,1,2,Late
1030,2004,1,2,Late
1030,2005,1,2,Late
1030,2006,1,2,Late
1030,2007,1,2,Mid
1030,2008,2,2,Early
1030,2009,2,2,Early
1030,2010,2,2,Early
1030,2011,2,2,Early
1030,2012,2,2,Early
1040,2006,1,3,Mid
1040,2007,2,2,Early
1040,2008,1,2,Mid
1040,2009,1,2,Mid
1040,2010,1,2,Mid
1040,2011,1,2,Mid
1040,2012,1,2,Mid
1050,1998,0,2,Mid
1050,1999,0,2,Mid
1050,2000,0,2,Mid
1050,2001,0,2,Mid
1050,2002,0,2,Mid
1050,2003,0,2,Mid
1050,2004,0,2,Mid
1050,2005,1,2,Mid
1050,2006,1,2,Mid
1050,2007,2,2,Early
1050,2008,1,2,Mid
1050,2009,1,2,Mid
1050,2010,1,2,Late
1050,2011,1,2,Mid
1050,2012,1,2,Late
1060,2012,2,2,Early
1063,2012,2,2,Early
1070,2012,1,2,Late
1080,1998,1,2,Mid
1080,1999,1,2,Mid
1080,2001,1,2,Mid
1080,2002,1,2,Mid
1090,1997,1,4,Late
1090,1998,1,4,Late
1090,1999,1,4,Late
1090,2000,1,4,Late
1090,2001,1,4,Late
1090,2002,1,4,Late
1090,2003,1,4,Late
1090,2004,1,4,Late
1090,2005,1,4,Late
1090,2006,2,4,Early
1090,2007,2,4,Early
1090,2008,1,4,Late
1090,2009,1,4,Late
1090,2010,1,4,Late
1090,2011,1,4,Late
1090,2012,1,4,Late
1101,1997,1,1,Mid
1101,1999,1,1,Mid
1101,2000,1,1,Mid
1101,2001,1,1,Mid
1101,2002,1,1,Mid
1101,2003,1,1,Mid
1101,2004,1,1,Mid
1101,2008,2,1,Mid
1101,2010,1,1,Mid
1101,2011,1,1,Mid
1102,2001,0,1,Late
1102,2002,0,1,Late
1102,2003,0,1,Late
1102,2004,0,1,Late
1102,2008,1,1,Late
1102,2009,0,1,Late
1102,2010,0,1,Late
1102,2011,0,1,Late
1102,2012,0,1,Late
1103,2000,1,1,Mid
1103,2001,1,1,Mid
1103,2002,1,1,Mid
1103,2009,0,1,Late
1103,2011,0,1,Late
1104,2010,2,1,Mid
1104,2011,2,1,Mid
1104,2012,2,1,Mid
1106,2012,2,1,Mid
1107,2012,2,1,Mid
1110,1997,1,1,Late
1110,1999,1,1,Late
1110,2000,1,1,Late
1110,2001,1,1,Late
1110,2002,1,1,Late
1110,2003,1,1,Late
1110,2004,1,1,Late
1110,2005,2,2,Early
1110,2006,1,1,Late
1110,2007,1,1,Late
1110,2008,1,1,Late
1110,2009,1,1,Late
1110,2010,1,1,Late
1110,2011,1,1,Late
1110,2012,1,1,Late
1111,2006,1,1,Late
1111,2007,1,1,Late
1111,2008,1,1,Late
1111,2009,1,1,Late
1111,2010,1,1,Late
1111,2011,1,1,Late
1111,2012,1,1,Late
1115,2010,1,1,Late
1115,2011,1,1,Late
1115,2012,1,1,Late
1120,1999,1,1,Mid
1120,2000,1,1,Mid
1120,2001,1,1,Mid
1120,2002,1,1,Mid
1120,2003,1,1,Mid
1120,2004,1,1,Mid
1120,2005,1,1,Mid
1120,2006,1,1,Mid
1120,2007,1,1,Mid
1120,2008,1,1,Mid
1120,2009,1,1,Mid
1120,2010,1,1,Mid
1120,2011,1,1,Mid
1120,2012,1,1,Mid
1121,2009,1,1,Mid
1121,2010,1,1,Mid
1121,2011,1,1,Mid
1121,2012,1,1,Mid
1122,2009,1,1,Mid
1130,2008,1,1,Mid
1130,2009,1,1,Mid
1130,2010,1,1,Mid
1130,2011,1,1,Mid
1130,2012,1,1,Mid
1140,2009,1,1,Late
1140,2010,1,1,Late
1140,2011,1,1,Late
1140,2012,1,1,Late
1201,1997,2,2,Early
1201,2002,0,2,Late
1201,2003,0,2,Late
1201,2004,0,2,Late
1201,2006,0,2,Late
1201,2007,0,2,Late
1201,2008,2,2,Early
1201,2010,1,2,Mid
1201,2011,1,2,Mid
1202,2003,0,2,Mid
1202,2004,0,2,Mid
1202,2008,2,2,Early
1202,2010,1,2,Late
1202,2011,1,2,Late
1203,2008,1,2,Mid
1203,2010,1,2,Mid
1203,2011,1,2,Mid
1204,1998,1,2,Mid
1204,2001,1,2,Mid
1204,2002,1,2,Mid
1204,2008,1,2,Late
1204,2010,1,2,Early
1204,2011,1,2,Early
1205,1997,1,2,Late
1205,1998,1,2,Late
1205,2001,1,2,Late
1205,2002,1,2,Late
1205,2010,2,2,Early
1205,2011,2,2,Early
1206,1998,2,2,Early
1206,2001,2,2,Early
1206,2002,2,2,Early
1206,2009,1,2,Late
1206,2010,1,2,Late
1206,2011,1,2,Late
1206,2012,1,2,Late
1207,2009,1,2,Early
1208,2009,1,2,Mid
1209,2009,1,2,Mid
1210,1997,1,2,Late
1210,1998,1,2,Late
1210,1999,1,2,Late
1210,2000,1,2,Late
1210,2001,1,2,Late
1210,2002,1,2,Late
1210,2003,1,2,Late
1210,2004,1,2,Late
1210,2005,1,2,Mid
1210,2006,1,2,Mid
1210,2007,1,2,Mid
1210,2008,1,2,Mid
1210,2009,1,2,Mid
1210,2010,1,2,Mid
1210,2011,1,2,Mid
1210,2012,1,2,Mid
1220,1997,1,2,Mid
1220,1998,1,2,Mid
1220,1999,1,2,Mid
1220,2000,1,2,Mid
1220,2001,2,2,Early
1220,2002,2,2,Early
1220,2003,2,2,Early
1220,2004,2,2,Early
1220,2005,1,2,Mid
1220,2006,1,2,Mid
1220,2007,1,2,Mid
1220,2008,1,2,Mid
1220,2009,1,2,Mid
1220,2010,1,2,Mid
1220,2011,1,2,Mid
1220,2012,1,2,Mid
1221,2012,1,2,Mid
1225,2010,1,2,Mid
1225,2011,1,2,Mid
1225,2012,1,2,Mid
1230,1997,2,2,Early
1230,1998,2,2,Early
1230,1999,2,2,Early
1230,2000,2,2,Early
1230,2001,2,2,Early
1230,2002,2,2,Early
1230,2003,2,2,Early
1230,2004,2,2,Early
1230,2005,2,2,Early
1230,2006,2,2,Early
1230,2007,2,2,Early
1230,2008,2,2,Early
1230,2009,2,2,Early
1230,2010,2,2,Early
1230,2011,2,2,Early
1230,2012,2,2,Early
1240,1997,2,2,Early
1240,1998,2,2,Early
1240,1999,2,2,Early
1240,2000,2,2,Early
1240,2001,2,2,Early
1240,2002,2,2,Early
1240,2003,2,2,Early
1240,2004,2,2,Early
1240,2005,2,2,Early
1240,2006,2,2,Early
1240,2007,2,2,Early
1240,2008,2,2,Early
1240,2009,2,2,Early
1240,2010,2,2,Early
1240,2011,2,2,Early
1240,2012,2,2,Early
1241,2010,2,2,Early
1241,2011,2,2,Early
1241,2012,2,2,Early
1245,2010,2,2,Early
1245,2011,2,2,Early
1245,2012,2,2,Early
1250,1997,2,2,Early
1250,1998,2,2,Early
1250,1999,2,2,Early
1250,2000,2,2,Early
1250,2001,2,2,Early
1250,2002,2,2,Early
1250,2003,2,2,Early
1250,2004,2,2,Early
1250,2005,2,2,Early
1250,2006,2,2,Early
1250,2007,2,2,Early
1250,2008,2,2,Early
1250,2009,2,2,Early
1250,2010,2,2,Early
1250,2011,2,2,Early
1250,2012,2,2,Early
1251,2003,2,2,Early
1251,2004,2,2,Early
1251,2005,2,2,Early
1251,2006,2,2,Early
1251,2007,2,2,Early
1251,2008,2,2,Early
1251,2009,2,2,Early
1251,2010,2,2,Early
1251,2011,2,2,Early
1251,2012,2,2,Early
1252,2008,2,2,Early
1255,2010,2,2,Early
1255,2011,2,2,Early
1255,2012,2,2,Early
1260,1999,2,2,Early
1260,2000,2,2,Early
1260,2001,2,2,Early
1260,2002,2,2,Early
1260,2003,2,2,Early
1260,2004,2,2,Early
1260,2005,2,2,Mid
1260,2006,2,2,Early
1260,2007,2,2,Early
1260,2008,2,2,Early
1260,2009,2,2,Early
1260,2010,2,2,Early
1260,2011,2,2,Early
1260,2012,2,2,Early
1270,1999,1,2,Mid
1270,2000,1,2,Mid
1270,2001,1,2,Mid
1270,2002,1,2,Mid
1270,2003,1,2,Mid
1270,2004,1,2,Mid
1270,2005,1,2,Mid
1270,2006,1,2,Late
1270,2007,1,2,Late
1270,2008,1,2,Late
1270,2009,1,2,Late
1270,2010,1,2,Late
1270,2011,1,2,Late
1270,2012,1,2,Mid
1272,1999,1,2,Mid
1272,2009,1,2,Mid
1272,2010,1,2,Mid
1272,2011,1,2,Mid
1272,2012,1,2,Mid
1275,2010,1,2,Late
1275,2011,1,2,Late
1275,2012,1,2,Late
1280,2005,1,2,Mid
1280,2006,1,1,Mid
1280,2007,1,2,Early
1280,2008,1,2,Early
1280,2009,1,2,Early
1280,2010,1,2,Early
1280,2011,1,2,Early
1280,2012,1,2,Early
1290,2007,2,2,Early
1290,2008,2,2,Early
1290,2009,2,2,Early
1290,2010,2,2,Early
1290,2011,2,2,Early
1290,2012,2,2,Early
1299,2008,2,2,Early
1299,2009,2,2,Early
1299,2010,2,2,Early
1299,2011,2,2,Early
1299,2012,2,2,Early
1301,2005,2,3,Early
1301,2006,2,3,Early
1301,2007,1,3,Late
1301,2008,1,3,Late
1301,2009,1,3,Late
1301,2010,1,3,Late
1301,2011,1,3,Late
1301,2012,2,3,Early
1302,1998,1,3,Mid
1302,1999,1,3,Mid
1302,2001,1,3,Mid
1302,2002,1,3,Mid
1302,2010,2,3,Mid
1302,2011,2,3,Mid
1303,2010,0,3,Mid
1303,2011,1,3,Early
1303,2012,1,3,Early
1304,2010,1,3,Late
1304,2011,1,3,Late
1304,2012,1,3,Late
1310,2012,0,3,Late
1401,2002,1,4,Mid
1401,2003,1,4,Mid
1401,2004,1,4,Mid
1401,2005,1,4,Mid
1401,2006,2,4,Early
1401,2007,2,4,Early
1401,2008,1,4,Late
1402,2002,1,4,Late
1402,2003,1,4,Late
1402,2004,1,4,Late
1402,2005,1,4,Mid
1402,2006,1,4,Mid
1402,2007,1,4,Mid
1402,2008,1,4,Mid
1402,2009,1,4,Mid
1402,2010,1,4,Mid
1402,2011,1,4,Early
1402,2012,1,4,Mid
1403,2008,2,4,Mid
1404,1998,2,4,Early
1404,1999,2,4,Early
1404,2001,2,4,Early
1404,2002,2,4,Early
1404,2003,2,4,Early
1404,2004,2,4,Early
1405,1997,2,4,Early
1405,1998,2,4,Early
1405,1999,2,4,Early
1405,2000,2,4,Early
1405,2001,2,4,Early
1405,2002,2,4,Early
1405,2003,2,4,Early
1405,2004,2,4,Early
1406,2007,2,4,Early
1406,2008,2,4,Early
1406,2009,2,4,Early
1406,2010,2,4,Early
1406,2011,2,4,Early
1406,2012,2,4,Early
1409,1997,1,4,Late
1409,1998,1,4,Late
1409,1999,1,4,Early
1409,2000,1,4,Early
1409,2001,1,4,Late
1409,2002,1,4,Late
1409,2003,1,4,Late
1409,2004,1,4,Late
1410,2008,2,4,Early
1410,2009,1,4,Late
1410,2010,1,4,Late
1410,2011,1,4,Late
1410,2012,2,4,Early
1489,2002,0,2,Late
1489,2003,0,2,Late
1489,2004,0,2,Late
1490,2002,0,1,Late
1490,2003,0,1,Late
1490,2004,0,1,Late
1491,2001,1,2,Early
1491,2002,0,1,Mid
1491,2003,1,2,Early
1491,2004,1,2,Early
1492,2001,1,2,Early
1492,2002,1,2,Early
1492,2003,1,2,Early
1492,2004,1,2,Early
1493,2001,1,2,Early
1494,2001,1,1,Late
1494,2002,1,1,Late
1494,2003,1,1,Late
1494,2004,1,1,Late
1495,1999,1,1,Mid
1495,2000,1,1,Mid
1495,2001,1,1,Mid
1495,2002,1,1,Mid
1495,2003,1,1,Mid
1495,2004,1,1,Mid
1499,1999,1,2,Early
1499,2000,1,2,Early
1499,2001,1,2,Early
1501,2001,1,4,Early
1501,2002,1,4,Early
1501,2003,1,4,Early
1501,2004,1,4,Early
1501,2005,1,4,Early
1501,2006,1,4,Early
1501,2007,1,4,Early
1501,2008,1,4,Early
1502,1999,1,4,Late
1502,2000,1,4,Late
1502,2001,1,4,Late
1502,2002,1,4,Late
1502,2003,1,4,Late
1502,2004,1,4,Late
1502,2005,1,4,Late
1502,2007,1,4,Late
1503,2001,1,4,Late
1503,2002,1,4,Late
1503,2003,1,4,Late
1503,2004,1,4,Late
1503,2006,1,5,Late
1503,2007,1,5,Late
1503,2008,1,4,Late
1503,2009,1,5,Late
1503,2010,1,4,Late
1503,2011,1,4,Late
1503,2012,1,4,Late
1504,2000,1,4,Early
1504,2001,1,4,Early
1504,2002,1,4,Early
1504,2003,1,4,Early
1504,2004,1,4,Early
1510,1997,1,4,Mid
1510,1998,1,4,Mid
1510,1999,1,4,Mid
1510,2000,1,4,Mid
1510,2001,1,4,Mid
1510,2002,1,4,Mid
1510,2003,1,4,Mid
1510,2004,1,4,Mid
1510,2005,1,4,Mid
1510,2006,1,4,Mid
1510,2007,1,4,Mid
1510,2008,1,4,Mid
1510,2009,1,4,Mid
1510,2010,1,4,Mid
1510,2011,1,4,Mid
1510,2012,1,4,Mid
1512,2011,2,4,Early
1512,2012,2,4,Early
1513,2011,2,4,Early
1513,2012,2,4,Early
1520,1997,1,4,Late
1520,1998,1,4,Late
1520,1999,1,4,Late
1520,2000,1,4,Late
1520,2001,1,4,Late
1520,2002,1,4,Late
1520,2003,1,4,Late
1520,2004,1,4,Late
1520,2005,1,4,Late
1520,2006,1,4,Late
1520,2007,1,4,Late
1520,2008,1,4,Late
1520,2009,1,4,Late
1520,2010,1,4,Late
1520,2011,1,4,Late
1520,2012,1,4,Late
1521,2008,1,4,Late
1521,2009,1,4,Late
1521,2010,1,4,Late
1521,2011,1,4,Late
1521,2012,1,4,Late
1525,2008,1,4,Late
1525,2010,1,4,Late
1525,2011,1,4,Late
1525,2012,1,4,Late
1540,1997,1,4,Late
1540,1998,1,4,Late
1540,1999,1,4,Late
1540,2000,1,4,Late
1540,2001,1,4,Late
1540,2002,1,4,Late
1540,2003,1,4,Late
1540,2004,1,4,Late
1540,2005,1,4,Late
1540,2006,1,4,Late
1540,2007,1,4,Late
1540,2008,1,4,Mid
1540,2009,1,4,Late
1540,2010,1,4,Late
1540,2011,1,4,Late
1540,2012,1,4,Late
1550,1997,2,4,Early
1550,1998,2,4,Early
1550,1999,2,4,Early
1550,2000,2,4,Early
1550,2001,2,4,Early
1550,2002,2,4,Early
1550,2003,2,4,Early
1550,2004,2,4,Early
1550,2005,2,4,Early
1550,2006,2,5,Early
1550,2007,2,5,Early
1550,2008,1,4,Late
1550,2009,2,4,Early
1550,2010,2,4,Early
1550,2011,2,4,Early
1550,2012,2,4,Early
1596,2001,1,2,Late
1596,2002,0,2,Early
1597,1999,1,2,Late
1597,2000,1,2,Late
1597,2001,1,2,Late
1597,2002,1,2,Late
1597,2003,1,2,Late
1597,2004,1,2,Late
2001,2006,2,3,Mid
2001,2007,2,3,Mid
2002,2006,2,3,Mid
2002,2007,2,3,Mid
2002,2008,2,3,Mid
2002,2009,2,3,Mid
2002,2010,2,3,Mid
2002,2011,2,3,Mid
2002,2012,2,3,Mid
2010,1998,2,2,Late
2010,1999,2,2,Late
2010,2000,2,2,Late
2010,2001,2,2,Late
2010,2002,2,2,Late
2010,2003,2,2,Late
2010,2004,2,2,Late
2010,2005,2,2,Late
2010,2006,2,2,Late
2010,2010,2,2,Late
2010,2011,2,2,Late
2010,2012,2,2,Late
2020,2007,2,2,Late
2020,2008,2,2,Late
2020,2009,2,2,Late
2020,2010,2,2,Late
2020,2011,2,2,Late
2020,2012,2,2,Late
2030,1998,2,2,Mid
2030,1999,2,2,Mid
2030,2000,2,2,Mid
2030,2001,2,2,Mid
2030,2002,2,2,Mid
2030,2003,2,2,Mid
2030,2004,2,2,Mid
2030,2005,2,2,Mid
2030,2006,2,2,Mid
2030,2007,2,2,Mid
2030,2008,2,2,Mid
2030,2009,2,2,Mid
2030,2010,2,2,Mid
2030,2011,2,2,Mid
2030,2012,2,2,Mid
2040,1997,2,2,Late
2040,1998,2,2,Late
2040,1999,2,2,Late
2040,2001,2,2,Late
2040,2002,2,2,Late
2040,2003,2,2,Late
2040,2004,2,2,Late
2040,2005,2,2,Late
2040,2006,2,2,Late
2040,2007,2,2,Late
2040,2008,2,2,Late
2040,2009,2,2,Late
2040,2010,2,2,Late
2040,2011,2,2,Late
2040,2012,2,2,Late
2042,2012,2,2,Late
2043,2012,2,2,Mid
2044,2012,2,2,Late
2050,1999,2,1,Late
2050,2001,2,1,Late
2050,2002,2,1,Late
2050,2008,2,2,Late
2050,2009,2,2,Late
2050,2010,2,2,Late
2050,2011,2,2,Late
2050,2012,2,2,Late
2060,2007,2,2,Late
2060,2008,2,2,Late
2060,2009,2,2,Late
2060,2010,2,2,Late
2060,2011,2,2,Late
2060,2012,2,2,Late
2070,2010,2,4,Late
2070,2011,2,4,Late
2070,2012,2,4,Late
2080,2008,1,2,Mid
2080,2009,1,2,Mid
2080,2010,1,2,Mid
2080,2011,1,2,Mid
2080,2012,1,2,Mid
2090,2005,2,2,Late
2090,2006,3,1,Early
2090,2008,2,2,Late
2090,2009,2,2,Late
2090,2010,2,2,Late
2090,2011,2,2,Late
2090,2012,2,2,Late
2101,2006,2,1,Early
2101,2007,2,1,Early
2101,2008,2,1,Early
2102,2006,2,1,Early
2102,2008,3,1,Early
2103,2008,3,1,Early
2104,2001,3,1,Early
2104,2002,3,1,Early
2104,2003,3,1,Early
2104,2004,3,1,Early
2104,2005,3,1,Early
2104,2006,3,1,Early
2105,1999,3,1,Early
2105,2000,3,1,Early
2105,2001,3,1,Early
2105,2002,3,1,Early
2105,2003,3,1,Early
2105,2004,3,1,Early
2105,2005,3,1,Early
2105,2006,3,1,Early
2106,1999,3,1,Early
2106,2000,3,1,Early
2106,2001,3,1,Early
2106,2002,3,1,Early
2106,2003,3,1,Early
2106,2004,3,1,Early
2107,1999,3,1,Early
2107,2000,3,1,Early
2107,2001,3,1,Early
2107,2002,3,1,Early
2107,2003,3,1,Early
2107,2004,3,1,Early
2108,1997,3,1,Mid
2108,1999,3,1,Mid
2108,2000,2,1,Late
2108,2001,3,1,Early
2108,2002,3,1,Early
2108,2003,3,1,Early
2108,2004,3,1,Early
2109,1998,3,1,Mid
2109,1999,3,1,Mid
2109,2000,3,1,Mid
2109,2001,3,1,Mid
2109,2002,3,1,Mid
2109,2003,3,1,Mid
2109,2004,3,1,Mid
2110,2007,2,1,Early
2110,2008,2,1,Mid
2110,2009,2,1,Mid
2110,2010,2,1,Mid
2110,2011,2,1,Mid
2110,2012,2,1,Early
2111,2009,2,1,Mid
2111,2010,2,1,Mid
2111,2011,2,1,Mid
2111,2012,2,1,Early
2112,2009,1,1,Late
2120,2007,2,1,Late
2120,2008,2,1,Late
2120,2009,2,1,Late
2120,2010,2,1,Late
2120,2011,3,1,Early
2120,2012,3,1,Early
2121,2009,2,1,Late
2121,2010,2,1,Late
2121,2011,3,1,Early
2121,2012,3,1,Early
2130,2007,3,1,Early
2130,2008,3,1,Early
2130,2009,3,1,Early
2130,2010,3,1,Early
2130,2011,3,1,Early
2139,2010,3,1,Early
2139,2011,3,1,Early
2140,2008,2,2,Late
2140,2009,2,2,Late
2140,2010,2,2,Late
2140,2011,2,2,Late
2140,2012,2,2,Late
2160,2011,3,1,Early
2160,2012,3,1,Early
2170,1997,3,1,Early
2170,1998,3,1,Early
2170,1999,3,1,Early
2170,2000,3,1,Early
2170,2001,3,1,Early
2170,2002,3,1,Early
2170,2003,3,1,Early
2170,2004,3,1,Early
2170,2005,3,1,Early
2170,2006,3,1,Early
2170,2007,3,1,Early
2170,2008,3,1,Early
2170,2009,3,1,Early
2170,2010,3,1,Early
2170,2011,3,1,Early
2170,2012,3,1,Early
2175,2011,3,1,Early
2175,2012,3,1,Early
2200,2006,2,2,Mid
2200,2008,2,2,Late
2200,2009,2,2,Late
2200,2010,2,2,Late
2200,2011,2,2,Late
2200,2012,2,2,Late
2201,2008,2,2,Late
2201,2010,2,2,Late
2201,2011,2,2,Late
2201,2012,2,2,Late
2202,2006,2,2,Late
2202,2007,2,2,Late
2202,2008,2,2,Late
2202,2009,2,2,Late
2202,2010,2,2,Late
2202,2011,2,2,Late
2202,2012,2,2,Late
2203,2008,2,2,Mid
2203,2010,2,2,Mid
2203,2011,2,2,Mid
2204,2008,2,2,Mid
2204,2010,2,2,Mid
2204,2011,2,2,Mid
2205,2008,2,2,Late
2205,2009,2,2,Late
2205,2010,2,2,Late
2205,2011,2,2,Late
2205,2012,2,2,Late
2206,2008,2,2,Late
2206,2010,2,2,Late
2206,2011,2,2,Late
2207,2010,2,2,Late
2207,2011,2,2,Late
2208,2003,3,2,Early
2208,2004,3,2,Early
2208,2008,2,2,Late
2209,1997,2,2,Mid
2209,2010,2,2,Late
2209,2011,2,2,Late
2209,2012,2,2,Late
2210,1997,2,2,Mid
2210,1998,2,2,Mid
2210,1999,2,2,Mid
2210,2000,2,2,Mid
2210,2001,2,2,Mid
2210,2002,2,2,Mid
2210,2003,2,2,Mid
2210,2004,2,2,Mid
2210,2005,2,2,Mid
2210,2006,2,2,Mid
2210,2007,2,2,Mid
2210,2008,2,2,Mid
2210,2009,2,2,Mid
2210,2010,2,2,Mid
2210,2011,2,2,Mid
2210,2012,2,2,Mid
2215,2008,2,2,Late
2215,2009,2,2,Late
2215,2010,2,2,Late
2215,2011,2,2,Late
2215,2012,2,2,Late
2220,1997,2,2,Mid
2220,1998,2,2,Mid
2220,1999,2,2,Mid
2220,2000,2,2,Mid
2220,2001,2,2,Mid
2220,2002,2,2,Mid
2220,2003,2,2,Mid
2220,2004,2,2,Mid
2220,2005,2,2,Mid
2220,2006,2,2,Mid
2220,2007,2,2,Mid
2220,2008,2,2,Mid
2220,2009,2,2,Mid
2220,2010,2,2,Mid
2220,2011,2,2,Mid
2220,2012,2,2,Mid
2221,2011,2,2,Late
2225,2008,2,2,Late
2225,2010,2,2,Late
2225,2011,2,2,Late
2225,2012,2,2,Late
2230,1997,2,2,Mid
2230,1998,2,2,Mid
2230,1999,2,2,Mid
2230,2000,2,2,Mid
2230,2001,2,2,Mid
2230,2002,2,2,Mid
2230,2003,2,2,Mid
2230,2004,2,2,Mid
2230,2005,2,2,Mid
2230,2006,2,2,Late
2230,2007,2,2,Mid
2230,2008,2,2,Mid
2230,2009,2,2,Mid
2230,2010,2,2,Mid
2230,2011,2,2,Mid
2230,2012,2,2,Mid
2235,2008,2,2,Late
2235,2009,3,2,Early
2235,2010,3,2,Early
2235,2011,3,2,Early
2235,2012,3,2,Early
2240,1997,2,2,Mid
2240,1998,2,2,Mid
2240,1999,2,2,Mid
2240,2000,2,2,Mid
2240,2001,2,2,Late
2240,2002,2,2,Late
2240,2003,2,2,Mid
2240,2004,2,2,Mid
2240,2005,2,2,Mid
2240,2006,2,2,Late
2240,2007,2,2,Late
2240,2008,2,2,Mid
2240,2009,2,2,Mid
2240,2010,2,2,Mid
2240,2011,2,2,Mid
2240,2012,2,2,Mid
2241,2009,2,2,Mid
2241,2010,2,2,Mid
2241,2011,2,2,Mid
2241,2012,2,2,Mid
2245,2008,3,2,Early
2245,2010,2,2,Mid
2245,2011,2,2,Mid
2245,2012,2,2,Mid
2250,1997,2,2,Late
2250,1998,2,2,Late
2250,1999,2,2,Late
2250,2000,2,2,Late
2250,2001,2,2,Late
2250,2002,2,2,Late
2250,2003,2,2,Late
2250,2004,2,2,Late
2250,2005,2,2,Mid
2250,2006,2,2,Late
2250,2007,2,2,Late
2250,2008,2,2,Mid
2250,2009,2,2,Late
2250,2010,2,2,Mid
2250,2011,2,2,Late
2250,2012,2,2,Mid
2255,2008,2,2,Late
2255,2010,2,2,Late
2255,2011,2,2,Late
2255,2012,2,2,Late
2260,1997,2,2,Late
2260,1998,2,2,Late
2260,1999,2,2,Late
2260,2000,2,2,Late
2260,2001,2,2,Late
2260,2002,2,2,Late
2260,2003,2,2,Late
2260,2004,2,2,Late
2260,2005,2,2,Late
2260,2006,2,2,Late
2260,2007,2,2,Late
2260,2008,2,2,Late
2260,2009,2,2,Late
2260,2010,2,2,Late
2260,2011,2,2,Late
2260,2012,2,2,Late
2261,2009,2,2,Late
2261,2010,2,2,Late
2261,2011,2,2,Late
2261,2012,2,2,Late
2265,2008,2,2,Late
2265,2009,2,2,Late
2265,2010,2,2,Late
2265,2011,2,2,Late
2265,2012,2,2,Late
2270,1997,2,2,Late
2270,1998,2,2,Late
2270,1999,2,2,Late
2270,2000,2,2,Late
2270,2001,2,2,Late
2270,2002,2,2,Late
2270,2003,2,2,Late
2270,2004,2,2,Late
2270,2005,2,2,Mid
2270,2006,2,2,Mid
2270,2007,2,2,Mid
2270,2008,2,2,Mid
2270,2009,2,2,Mid
2270,2010,2,2,Mid
2270,2011,2,2,Mid
2270,2012,2,2,Mid
2271,2009,2,2,Mid
2271,2010,2,2,Mid
2271,2011,2,2,Mid
2271,2012,2,2,Mid
2275,2009,2,2,Mid
2275,2010,2,2,Mid
2275,2011,2,2,Mid
2275,2012,2,2,Mid
2280,1997,2,2,Late
2280,1998,2,2,Late
2280,1999,2,2,Late
2280,2000,2,2,Late
2280,2001,2,2,Late
2280,2002,2,2,Late
2280,2003,2,2,Late
2280,2004,2,2,Late
2280,2005,2,2,Mid
2280,2006,2,2,Mid
2280,2007,2,2,Mid
2280,2008,2,2,Mid
2280,2009,2,2,Mid
2280,2010,2,2,Mid
2280,2011,2,2,Mid
2280,2012,2,2,Mid
2281,2007,2,2,Mid
2281,2008,2,2,Mid
2281,2009,2,2,Mid
2281,2010,2,2,Mid
2281,2011,2,2,Mid
2281,2012,2,2,Mid
2282,2008,2,2,Late
2282,2009,2,2,Late
2282,2010,2,2,Late
2282,2011,2,2,Late
2282,2012,2,2,Late
2283,2012,2,2,Late
2285,2008,2,2,Late
2285,2009,2,2,Late
2285,2010,2,2,Late
2285,2011,2,2,Late
2285,2012,2,2,Late
2290,1997,2,2,Late
2290,1998,2,2,Late
2290,1999,2,2,Late
2290,2000,2,2,Late
2290,2001,2,2,Late
2290,2002,2,2,Late
2290,2003,2,2,Late
2290,2004,2,2,Late
2290,2005,2,2,Late
2290,2006,2,2,Late
2290,2007,2,2,Late
2290,2008,2,2,Late
2290,2009,2,2,Late
2290,2010,2,2,Late
2290,2011,2,2,Late
2290,2012,2,2,Late
2291,2005,2,2,Late
2291,2006,2,2,Late
2291,2007,2,2,Late
2291,2008,2,2,Late
2291,2009,2,2,Late
2291,2010,2,2,Late
2291,2011,2,2,Late
2291,2012,2,2,Late
2292,2005,2,2,Late
2292,2011,2,2,Late
2292,2012,2,2,Late
2295,2008,2,2,Late
2295,2010,2,2,Late
2295,2011,2,2,Late
2295,2012,2,2,Late
2301,2005,2,3,Mid
2301,2006,2,3,Mid
2301,2007,2,3,Mid
2301,2008,2,3,Mid
2301,2009,2,3,Mid
2301,2010,2,3,Mid
2301,2011,2,3,Mid
2301,2012,2,3,Mid
2302,2008,2,3,Late
2303,2008,2,3,Late
2305,2008,2,3,Late
2305,2009,2,3,Late
2305,2010,2,3,Late
2305,2011,2,3,Late
2305,2012,2,3,Late
2306,1997,2,3,Late
2306,1998,2,3,Late
2306,2001,2,3,Late
2306,2002,2,3,Late
2306,2003,2,3,Late
2306,2004,2,3,Late
2307,1999,2,3,Early
2307,2000,2,3,Early
2307,2001,2,3,Early
2307,2002,2,3,Early
2307,2003,2,3,Early
2307,2004,2,3,Early
2308,1997,1,3,Mid
2308,1998,1,3,Mid
2308,1999,2,3,Mid
2308,2000,2,3,Mid
2308,2001,1,3,Mid
2308,2002,1,3,Mid
2308,2003,1,3,Mid
2308,2004,1,3,Mid
2308,2005,2,3,Mid
2308,2006,2,3,Mid
2308,2007,2,3,Mid
2308,2008,2,3,Mid
2308,2009,2,3,Mid
2308,2010,2,3,Mid
2308,2011,2,3,Mid
2308,2012,2,3,Mid
2309,2011,2,3,Mid
2309,2012,2,3,Mid
2310,1997,2,3,Late
2310,1998,2,3,Late
2310,1999,2,3,Late
2310,2000,2,3,Late
2310,2001,2,3,Late
2310,2002,2,3,Late
2310,2003,2,3,Late
2310,2004,2,3,Late
2310,2005,2,3,Late
2310,2006,3,3,Early
2310,2007,3,3,Early
2310,2008,3,3,Early
2310,2009,3,3,Early
2310,2010,3,3,Early
2310,2011,3,3,Early
2310,2012,3,3,Early
2311,2012,2,3,Mid
2315,2008,3,3,Early
2315,2010,3,3,Early
2315,2011,3,3,Early
2315,2012,3,3,Early
2320,2005,2,3,Mid
2320,2006,2,3,Mid
2320,2007,2,3,Late
2320,2008,2,3,Late
2320,2009,2,3,Late
2320,2010,2,3,Late
2320,2011,2,3,Late
2320,2012,2,3,Mid
2325,2008,3,3,Early
2325,2009,3,3,Early
2325,2010,3,3,Early
2325,2011,3,3,Early
2325,2012,3,3,Early
2330,2005,3,3,Early
2330,2006,2,3,Late
2330,2007,2,3,Late
2330,2008,2,3,Late
2330,2009,2,3,Late
2330,2010,2,3,Late
2330,2011,2,3,Late
2330,2012,2,3,Late
2335,2011,2,3,Mid
2335,2012,2,3,Mid
2340,2000,3,3,Early
2340,2002,3,3,Early
2340,2003,3,3,Early
2340,2004,3,3,Early
2340,2005,3,3,Early
2340,2006,3,3,Early
2340,2007,3,3,Early
2340,2008,3,3,Early
2340,2009,3,3,Early
2340,2010,3,3,Early
2340,2011,3,3,Early
2340,2012,3,3,Early
2345,2008,3,3,Early
2350,2005,2,3,Late
2350,2006,2,3,Late
2351,2012,2,3,Mid
2360,2012,1,3,Mid
2401,2000,2,4,Mid
2401,2001,2,4,Mid
2401,2004,2,4,Mid
2401,2005,2,4,Mid
2401,2006,2,4,Mid
2401,2007,2,4,Mid
2401,2008,2,4,Mid
2401,2012,2,4,Mid
2402,2005,2,4,Mid
2402,2006,2,4,Mid
2402,2007,2,4,Mid
2403,2008,2,4,Late
2404,2008,2,4,Late
2405,2006,2,4,Late
2405,2007,2,4,Late
2405,2008,2,4,Late
2405,2009,2,4,Late
2405,2010,2,4,Late
2405,2011,2,4,Late
2405,2012,2,4,Late
2406,2006,3,4,Mid
2406,2007,2,4,Late
2406,2008,2,4,Late
2407,2008,3,4,Early
2408,2008,2,4,Mid
2409,2001,2,4,Late
2409,2002,2,4,Late
2409,2003,2,4,Late
2409,2004,2,4,Late
2410,1997,3,4,Early
2410,1998,3,4,Early
2410,1999,3,4,Early
2410,2000,3,4,Mid
2410,2001,3,4,Mid
2410,2002,3,4,Mid
2410,2003,3,4,Early
2410,2004,3,4,Early
2420,2005,2,4,Late
2420,2006,2,4,Late
2420,2007,2,4,Late
2420,2008,2,4,Late
2420,2009,2,4,Late
2420,2010,2,4,Late
2420,2011,2,4,Late
2420,2012,2,4,Late
2430,2006,2,4,Late
2440,1999,2,4,Late
2440,2000,2,4,Late
2440,2002,2,4,Late
2440,2005,2,4,Late
2440,2006,2,4,Late
2440,2007,2,4,Late
2440,2008,2,4,Late
2440,2009,2,4,Late
2440,2010,2,4,Late
2440,2011,2,4,Late
2440,2012,2,4,Late
2441,2008,2,4,Late
2441,2009,2,4,Late
2441,2010,2,4,Late
2441,2011,2,4,Late
2441,2012,2,4,Late
2450,2005,2,4,Late
2450,2006,2,4,Late
2450,2007,2,4,Late
2450,2008,2,4,Late
2450,2009,2,4,Late
2450,2010,2,4,Late
2450,2011,2,4,Late
2450,2012,2,4,Late
2460,2008,2,4,Mid
2460,2009,2,4,Mid
2460,2010,2,4,Mid
2460,2011,2,4,Mid
2460,2012,2,4,Mid
2470,2008,2,4,Mid
2470,2009,2,4,Mid
2470,2010,2,4,Mid
2470,2011,2,4,Mid
2470,2012,2,4,Mid
2494,2003,1,2,Late
2494,2004,1,2,Late
2495,2002,2,1,Mid
2495,2003,2,1,Mid
2495,2004,2,1,Early
2496,1999,2,2,Early
2496,2000,2,2,Early
2496,2001,2,2,Early
2496,2002,2,2,Early
2496,2003,2,2,Early
2496,2004,2,2,Early
2497,2000,1,1,Mid
2498,1999,2,2,Mid
2498,2000,2,2,Mid
2498,2001,2,2,Mid
2498,2003,2,2,Mid
2498,2004,2,2,Mid
2501,2006,2,4,Early
2501,2007,2,4,Early
2505,2005,2,4,Mid
2505,2006,2,4,Mid
2505,2007,2,4,Mid
2505,2008,2,4,Mid
2505,2009,2,4,Mid
2505,2010,2,4,Mid
2505,2011,2,4,Mid
2505,2012,2,4,Mid
2506,2005,1,4,Late
2507,2000,2,4,Mid
2507,2001,2,4,Mid
2507,2002,2,4,Mid
2508,1998,2,4,Mid
2508,1999,2,4,Mid
2508,2001,2,4,Mid
2508,2002,2,4,Mid
2508,2003,2,4,Mid
2508,2004,2,4,Mid
2508,2005,2,4,Mid
2508,2010,2,4,Mid
2508,2011,2,4,Mid
2508,2012,2,4,Mid
2509,1998,2,4,Mid
2509,1999,2,4,Mid
2509,2001,2,4,Mid
2509,2002,2,4,Mid
2509,2003,2,4,Mid
2509,2004,2,4,Mid
2509,2005,2,4,Mid
2509,2006,2,4,Mid
2509,2007,2,4,Mid
2509,2008,2,4,Mid
2509,2009,2,4,Mid
2509,2010,2,4,Mid
2509,2011,2,4,Mid
2509,2012,2,4,Mid
2512,2011,2,4,Mid
2512,2012,2,4,Mid
2515,1997,2,2,Early
2515,2001,2,2,Early
2515,2002,2,2,Early
2515,2003,1,2,Late
2515,2004,1,2,Late
2520,1997,2,4,Early
2520,1998,2,4,Early
2520,1999,2,4,Early
2520,2000,2,4,Early
2520,2001,2,4,Early
2520,2002,2,4,Early
2520,2003,2,4,Early
2520,2004,2,4,Early
2520,2005,2,4,Early
2520,2006,2,4,Early
2520,2007,2,4,Early
2520,2008,2,4,Early
2520,2009,2,4,Early
2520,2010,2,4,Early
2520,2011,2,4,Early
2520,2012,2,4,Early
2525,2008,2,4,Early
2530,1997,2,4,Mid
2530,1998,2,4,Mid
2530,1999,2,4,Mid
2530,2000,2,4,Mid
2530,2001,2,4,Mid
2530,2002,2,4,Mid
2530,2003,2,4,Mid
2530,2004,2,4,Mid
2530,2005,2,4,Mid
2530,2006,2,4,Mid
2530,2007,2,4,Mid
2530,2008,2,4,Mid
2530,2009,2,4,Mid
2530,2010,2,4,Mid
2530,2011,2,4,Mid
2530,2012,2,4,Mid
2535,2008,2,4,Mid
2540,1997,2,4,Mid
2540,2001,2,4,Mid
2540,2002,2,4,Mid
2545,2011,2,4,Mid
2545,2012,2,4,Mid
2550,1997,2,4,Mid
2550,1998,2,4,Mid
2550,1999,2,4,Mid
2550,2000,2,4,Mid
2550,2001,2,4,Mid
2550,2002,2,4,Mid
2550,2003,2,4,Mid
2550,2004,2,4,Mid
2560,1997,1,4,Late
2560,1998,1,4,Late
2560,1999,1,4,Late
2560,2000,1,4,Late
2560,2001,1,4,Late
2560,2002,1,4,Late
2560,2003,1,4,Late
2560,2004,1,4,Late
2579,2002,1,2,Late
2579,2003,1,2,Late
2579,2004,1,2,Late
2580,1997,2,2,Early
2580,1998,2,2,Early
2580,2001,2,2,Early
2580,2002,2,2,Early
2580,2003,2,2,Early
2580,2004,2,2,Early
2581,2002,2,2,Early
2581,2003,2,2,Early
2581,2004,2,2,Early
2590,2000,1,2,Mid
2590,2002,1,2,Mid
2590,2004,1,2,Mid
2591,2000,2,2,Early
2591,2001,2,2,Mid
2591,2002,2,2,Mid
2591,2003,2,2,Mid
2591,2004,2,2,Mid
2592,2000,1,2,Late
2592,2001,2,2,Mid
2592,2002,2,2,Mid
2592,2003,2,2,Mid
2592,2004,2,2,Mid
2593,2000,1,2,Late
2593,2002,2,2,Early
2593,2003,2,2,Early
2593,2004,2,2,Early
2594,2000,2,2,Early
2594,2001,2,2,Mid
2594,2002,2,2,Mid
2594,2003,2,2,Mid
2594,2004,2,2,Mid
2595,1999,2,2,Mid
2595,2000,2,2,Mid
2595,2001,2,2,Mid
2595,2002,2,2,Mid
2595,2003,2,2,Mid
2595,2004,2,2,Mid
2596,1997,2,2,Early
2596,1998,2,2,Early
2596,1999,2,2,Early
2596,2000,2,2,Early
2596,2001,2,2,Early
2596,2002,2,2,Early
2596,2003,2,2,Early
2596,2004,2,2,Early
2597,1999,2,2,Early
2597,2000,2,2,Early
2597,2001,2,2,Early
2597,2002,2,2,Early
2597,2003,2,2,Early
2597,2004,2,2,Early
2598,2000,2,2,Early
2598,2001,2,2,Early
2598,2002,2,2,Early
2598,2003,2,2,Early
2598,2004,2,2,Early
2599,1997,2,2,Early
2599,1999,2,2,Early
2599,2000,2,2,Early
2599,2001,2,2,Early
2599,2002,2,2,Early
2599,2003,2,2,Early
2599,2004,2,2,Early
2680,2001,2,3,Mid
2680,2002,2,3,Mid
2680,2003,2,3,Mid
2680,2004,2,3,Mid
2699,1999,2,3,Early
2699,2000,2,3,Early
2699,2001,2,3,Early
2699,2002,2,3,Early
2699,2003,2,3,Early
2699,2004,2,3,Early
2793,2002,2,4,Mid
2793,2003,2,4,Mid
2793,2004,2,4,Mid
2795,2000,2,4,Early
2795,2001,2,4,Early
2795,2002,2,4,Early
2795,2003,2,4,Early
2795,2004,2,4,Early
2898,2000,1,4,Late
2899,1999,2,4,Late
2899,2003,2,4,Late
3010,1997,3,3,Mid
3010,1999,3,3,Mid
3010,2000,3,3,Mid
3010,2001,3,3,Mid
3010,2002,3,3,Mid
3010,2003,3,3,Mid
3010,2004,3,3,Mid
3010,2005,3,3,Mid
3010,2006,3,3,Mid
3010,2007,3,3,Mid
3010,2008,3,3,Mid
3010,2009,3,3,Mid
3010,2010,3,3,Mid
3010,2011,3,3,Mid
3010,2012,3,3,Mid
3020,1998,3,3,Mid
3020,1999,3,3,Mid
3020,2000,3,3,Mid
3020,2001,3,3,Mid
3020,2002,3,3,Mid
3020,2003,3,3,Mid
3020,2004,3,3,Mid
3020,2005,3,3,Mid
3020,2006,3,3,Mid
3020,2012,3,3,Mid
3030,1997,3,3,Mid
3030,1998,3,3,Mid
3030,1999,3,3,Mid
3030,2000,3,3,Mid
3030,2001,3,3,Mid
3030,2002,3,3,Mid
3030,2003,3,3,Mid
3030,2004,3,3,Mid
3030,2005,3,3,Mid
3030,2006,3,3,Mid
3030,2007,3,3,Mid
3030,2008,3,3,Mid
3030,2009,3,3,Mid
3030,2010,3,3,Mid
3030,2011,3,3,Mid
3030,2012,3,3,Mid
3040,2008,3,1,Early
3040,2009,3,1,Early
3040,2010,3,1,Early
3040,2011,3,1,Early
3040,2012,3,1,Early
3050,2008,2,4,Late
3050,2009,2,4,Late
3050,2010,2,4,Late
3050,2011,2,4,Late
3050,2012,3,4,Early
3060,2012,3,3,Early
3070,2012,3,3,Mid
3080,2012,1,2,Early
3090,2012,3,1,Mid
3101,2008,3,1,Mid
3102,2006,3,1,Mid
3104,2005,3,1,Early
3104,2006,3,1,Mid
3105,2005,3,1,Mid
3105,2006,3,1,Mid
3105,2012,3,1,Mid
3109,2002,3,1,Mid
3109,2003,3,1,Mid
3109,2004,3,1,Mid
3109,2005,3,1,Mid
3109,2006,3,1,Mid
3110,2006,3,1,Late
3110,2007,3,1,Late
3110,2008,3,1,Late
3110,2009,3,1,Mid
3110,2011,3,1,Mid
3119,2010,3,1,Early
3119,2011,3,1,Early
3120,2007,3,1,Mid
3120,2008,3,1,Mid
3120,2009,3,1,Mid
3120,2010,3,1,Mid
3120,2011,3,1,Mid
3120,2012,3,1,Mid
3121,2008,3,1,Mid
3121,2009,3,1,Mid
3121,2010,3,1,Mid
3121,2011,3,1,Mid
3121,2012,3,1,Mid
3125,2008,3,1,Mid
3125,2009,3,1,Mid
3125,2010,3,1,Mid
3125,2011,3,1,Mid
3125,2012,3,1,Mid
3129,2010,3,1,Mid
3129,2011,3,1,Mid
3130,2007,3,1,Mid
3130,2008,3,1,Mid
3130,2009,3,1,Mid
3130,2010,3,1,Mid
3130,2011,3,1,Mid
3130,2012,3,1,Mid
3135,2009,3,1,Mid
3135,2010,3,1,Mid
3135,2011,3,1,Mid
3135,2012,3,1,Mid
3139,2010,3,1,Early
3139,2011,3,1,Early
3140,2008,3,1,Mid
3140,2009,3,1,Mid
3140,2010,3,1,Mid
3140,2011,3,1,Mid
3140,2012,3,1,Mid
3145,2009,3,1,Early
3145,2010,3,1,Early
3145,2011,3,1,Early
3150,2008,3,1,Early
3150,2009,3,1,Early
3150,2010,3,1,Early
3150,2011,3,1,Early
3160,2012,3,1,Early
3165,2008,3,1,Mid
3165,2009,3,1,Mid
3165,2010,3,1,Mid
3165,2011,3,1,Mid
3175,2008,3,1,Mid
3185,2008,3,1,Mid
3201,2002,3,2,Early
3201,2003,3,2,Early
3201,2004,3,2,Early
3201,2008,3,2,Early
3201,2009,3,2,Early
3201,2010,3,2,Early
3201,2011,3,2,Early
3201,2012,3,2,Early
3202,2005,3,2,Mid
3202,2006,3,2,Mid
3202,2008,3,2,Early
3202,2009,3,2,Early
3202,2010,3,2,Early
3202,2011,3,2,Early
3202,2012,3,2,Early
3203,2010,3,2,Late
3203,2011,3,2,Late
3203,2012,3,2,Late
3204,2010,3,2,Early
3204,2011,3,2,Early
3206,2010,3,2,Early
3206,2011,3,2,Early
3210,1997,3,2,Early
3210,1998,3,2,Early
3210,1999,3,2,Early
3210,2000,3,2,Early
3210,2001,3,2,Early
3210,2002,3,2,Early
3210,2003,3,2,Early
3210,2004,3,2,Early
3210,2005,3,2,Early
3210,2006,3,2,Early
3210,2007,3,2,Early
3210,2008,3,2,Early
3210,2009,3,2,Early
3210,2010,3,2,Early
3210,2011,3,2,Early
3210,2012,3,2,Early
3211,1999,3,2,Early
3211,2000,3,2,Early
3211,2001,3,2,Early
3211,2002,3,2,Early
3211,2003,3,2,Early
3211,2004,3,2,Early
3211,2005,3,2,Early
3211,2006,3,2,Early
3211,2008,3,2,Early
3211,2009,3,2,Early
3211,2010,3,2,Early
3211,2011,3,2,Early
3211,2012,3,2,Early
3212,2007,3,2,Early
3212,2008,3,2,Early
3212,2009,3,2,Early
3212,2010,3,2,Early
3212,2011,3,2,Early
3212,2012,3,2,Early
3213,2007,3,2,Early
3213,2008,3,2,Early
3213,2009,3,2,Early
3213,2010,3,2,Early
3213,2011,3,2,Early
3213,2012,3,2,Early
3214,2008,3,2,Early
3214,2009,3,2,Early
3214,2010,3,2,Early
3214,2011,3,2,Early
3214,2012,3,2,Early
3215,2008,3,2,Early
3215,2009,3,2,Early
3215,2010,3,2,Early
3215,2011,3,2,Early
3215,2012,3,2,Early
3220,1997,3,2,Early
3220,1998,3,2,Early
3220,1999,3,2,Early
3220,2000,3,2,Early
3220,2001,3,2,Early
3220,2002,3,2,Early
3230,1997,2,2,Late
3230,1998,2,2,Late
3230,1999,2,2,Late
3230,2000,2,2,Late
3230,2001,2,2,Late
3230,2002,2,2,Late
3230,2003,2,2,Late
3230,2004,2,2,Late
3230,2005,2,2,Late
3230,2006,2,2,Late
3230,2007,2,2,Late
3230,2008,2,2,Late
3230,2009,2,2,Late
3230,2010,2,2,Late
3230,2011,2,2,Late
3230,2012,2,2,Late
3240,2001,3,2,Early
3240,2002,3,2,Early
3240,2003,3,2,Early
3240,2004,3,2,Early
3240,2005,3,2,Early
3240,2006,3,3,Mid
3240,2007,3,2,Early
3240,2008,3,2,Early
3240,2009,3,2,Early
3240,2010,3,2,Early
3240,2011,3,2,Early
3240,2012,3,2,Early
3250,2005,2,2,Late
3250,2006,3,2,Early
3250,2007,3,2,Early
3250,2008,3,2,Early
3250,2009,3,2,Early
3250,2010,3,2,Early
3250,2011,3,2,Early
3250,2012,2,2,Late
3255,2008,3,2,Early
3260,2000,3,2,Early
3260,2002,3,2,Early
3260,2003,3,2,Early
3260,2004,3,2,Early
3260,2005,3,2,Early
3260,2006,3,2,Early
3260,2007,3,2,Early
3260,2008,3,2,Early
3260,2009,3,2,Early
3260,2010,3,2,Early
3260,2011,3,2,Early
3260,2012,3,2,Early
3265,2008,3,2,Early
3270,2005,2,2,Late
3270,2006,2,3,Late
3270,2007,2,2,Late
3270,2008,2,2,Late
3270,2009,2,2,Late
3270,2010,2,2,Late
3270,2011,2,3,Late
3270,2012,2,2,Late
3271,2009,2,2,Late
3271,2010,2,2,Late
3271,2011,2,3,Late
3271,2012,2,2,Late
3275,2008,3,2,Early
3280,2007,3,2,Mid
3280,2008,3,2,Mid
3280,2009,3,2,Mid
3280,2010,3,2,Mid
3280,2011,3,2,Mid
3280,2012,3,2,Mid
3290,2007,3,2,Late
3290,2008,3,2,Late
3290,2009,3,2,Late
3290,2010,4,2,Early
3290,2011,4,2,Early
3290,2012,3,2,Late
3291,2009,3,2,Late
3301,2008,3,3,Mid
3301,2010,2,2,Late
3301,2011,2,2,Late
3302,2006,3,3,Early
3302,2007,3,3,Early
3302,2008,3,3,Early
3302,2009,3,3,Early
3302,2010,3,3,Early
3302,2011,3,3,Early
3302,2012,3,3,Early
3303,2008,3,3,Early
3303,2010,3,4,Mid
3303,2011,3,4,Mid
3304,2008,3,3,Mid
3305,2008,3,3,Mid
3306,2008,3,3,Mid
3307,2011,3,3,Early
3308,1997,3,3,Mid
3308,1998,3,3,Mid
3308,2001,3,3,Mid
3308,2002,3,3,Mid
3309,2011,3,3,Early
3309,2012,3,3,Early
3310,1997,3,3,Mid
3310,1998,3,3,Mid
3310,1999,3,3,Mid
3310,2000,3,3,Mid
3310,2001,3,3,Mid
3310,2002,3,3,Mid
3310,2003,3,3,Mid
3310,2004,3,3,Mid
3310,2005,3,3,Mid
3310,2006,3,3,Mid
3310,2007,3,3,Mid
3310,2008,3,3,Mid
3310,2009,3,3,Mid
3310,2010,3,3,Mid
3310,2011,3,3,Mid
3310,2012,3,3,Mid
3311,2008,3,3,Mid
3311,2009,3,3,Mid
3311,2010,3,3,Mid
3311,2011,3,3,Mid
3311,2012,3,3,Mid
3315,2008,3,3,Mid
3315,2009,3,3,Mid
3315,2010,3,3,Mid
3315,2011,3,3,Mid
3315,2012,3,3,Mid
3320,1997,3,3,Mid
3320,1998,3,3,Mid
3320,1999,3,3,Mid
3320,2000,3,3,Late
3320,2001,3,3,Late
3320,2002,3,3,Late
3320,2003,3,3,Mid
3320,2004,3,3,Mid
3320,2005,3,3,Mid
3320,2006,3,3,Mid
3320,2007,3,3,Mid
3320,2008,3,3,Mid
3320,2009,3,3,Mid
3320,2010,3,3,Mid
3320,2011,3,3,Mid
3320,2012,3,3,Mid
3325,2008,3,3,Mid
3325,2010,3,3,Mid
3325,2011,3,3,Mid
3325,2012,3,3,Mid
3330,1997,3,3,Mid
3330,1998,3,3,Mid
3330,1999,3,3,Mid
3330,2000,3,3,Mid
3330,2001,3,3,Mid
3330,2002,3,3,Mid
3330,2003,3,3,Mid
3330,2004,3,3,Mid
3330,2005,3,3,Early
3330,2006,3,3,Early
3330,2007,3,3,Early
3330,2008,3,3,Early
3330,2009,3,3,Early
3330,2010,3,3,Early
3330,2011,3,3,Early
3330,2012,3,3,Early
3335,2008,3,3,Early
3335,2009,3,3,Early
3335,2010,3,3,Early
3335,2011,3,3,Early
3335,2012,3,3,Early
3340,1997,3,3,Early
3340,1998,3,3,Early
3340,1999,3,3,Mid
3340,2001,3,3,Mid
3340,2002,3,3,Mid
3340,2012,3,3,Mid
3341,2012,3,3,Mid
3345,2008,3,3,Mid
3345,2012,3,3,Early
3350,2002,3,3,Mid
3350,2003,3,3,Mid
3350,2004,3,3,Mid
3350,2005,3,3,Mid
3350,2006,3,3,Mid
3350,2007,3,3,Mid
3355,2008,3,3,Mid
3355,2009,3,3,Mid
3355,2010,3,3,Mid
3355,2011,3,3,Mid
3355,2012,3,3,Mid
3360,2008,3,3,Mid
3360,2010,3,3,Mid
3360,2011,3,3,Mid
3360,2012,3,3,Mid
3362,2010,3,3,Mid
3362,2011,3,3,Mid
3362,2012,3,3,Mid
3365,2008,3,3,Mid
3365,2009,3,3,Mid
3365,2011,3,3,Mid
3365,2012,3,3,Mid
3370,2005,3,3,Mid
3370,2006,3,3,Mid
3370,2007,3,3,Mid
3370,2008,3,3,Mid
3370,2009,3,3,Mid
3370,2010,3,3,Mid
3370,2011,3,3,Mid
3370,2012,3,3,Mid
3375,2008,3,3,Mid
3375,2009,3,3,Mid
3380,2005,3,3,Late
3380,2006,3,3,Late
3380,2009,3,3,Mid
3380,2010,3,3,Mid
3380,2011,3,3,Mid
3382,2010,3,3,Mid
3383,2010,3,3,Mid
3383,2011,3,3,Mid
3383,2012,3,3,Mid
3385,2008,3,3,Mid
3385,2009,3,3,Mid
3385,2010,3,3,Mid
3385,2011,3,3,Mid
3385,2012,3,3,Mid
3386,2012,3,3,Mid
3390,2009,3,3,Late
3395,2008,3,3,Mid
3395,2009,3,3,Mid
3395,2010,3,3,Mid
3395,2011,3,3,Mid
3395,2012,3,3,Mid
3401,2008,3,4,Early
3402,2006,3,4,Mid
3402,2007,3,4,Mid
3402,2008,3,4,Mid
3402,2009,3,4,Mid
3402,2010,3,4,Mid
3402,2011,3,4,Mid
3402,2012,3,4,Mid
3403,2008,3,4,Early
3404,2008,3,4,Early
3406,1999,3,4,Early
3406,2000,3,4,Early
3406,2001,3,4,Early
3406,2002,3,4,Early
3406,2003,3,4,Early
3406,2004,3,4,Early
3406,2006,3,4,Early
3406,2007,3,4,Early
3406,2008,3,4,Mid
3407,2001,3,4,Early
3407,2002,3,4,Early
3407,2003,3,4,Early
3407,2004,3,4,Early
3407,2006,3,4,Early
3408,1997,3,4,Late
3408,1998,3,4,Late
3408,2001,3,4,Late
3408,2002,3,4,Late
3408,2003,3,4,Late
3408,2004,3,4,Late
3409,1997,2,4,Late
3409,1998,2,4,Late
3409,1999,2,4,Late
3409,2000,2,4,Late
3409,2001,2,4,Late
3409,2002,2,4,Late
3409,2003,2,4,Late
3409,2004,2,4,Late
3410,1997,3,4,Mid
3410,1998,3,4,Mid
3410,1999,3,4,Mid
3410,2000,3,4,Mid
3410,2001,3,4,Mid
3410,2002,3,4,Mid
3410,2003,3,4,Mid
3410,2004,3,4,Mid
3410,2005,3,4,Mid
3410,2006,3,4,Mid
3410,2007,3,4,Mid
3410,2008,3,4,Mid
3410,2009,3,4,Mid
3410,2010,3,4,Mid
3410,2011,3,4,Mid
3410,2012,3,4,Mid
3415,2009,3,4,Mid
3420,1997,3,4,Mid
3420,1998,3,4,Mid
3420,1999,3,4,Mid
3420,2001,3,4,Mid
3420,2002,3,4,Mid
3420,2005,3,4,Mid
3420,2006,3,4,Mid
3420,2007,3,4,Mid
3420,2008,3,4,Late
3420,2009,3,4,Late
3420,2010,3,4,Late
3420,2011,3,4,Late
3420,2012,3,4,Late
3421,2000,3,4,Late
3421,2001,3,4,Late
3421,2002,3,4,Late
3421,2003,3,4,Late
3421,2004,3,4,Late
3422,2000,3,4,Late
3422,2001,3,4,Late
3422,2002,3,4,Late
3422,2003,3,4,Late
3422,2004,3,4,Late
3425,2009,3,4,Mid
3425,2010,3,4,Mid
3425,2011,3,4,Mid
3425,2012,3,4,Mid
3430,1997,3,4,Mid
3430,1998,3,4,Mid
3430,1999,3,4,Mid
3430,2000,3,4,Mid
3430,2001,3,4,Mid
3430,2002,3,4,Mid
3430,2003,3,4,Mid
3430,2004,3,4,Mid
3430,2005,3,4,Mid
3430,2006,3,4,Mid
3430,2007,3,4,Mid
3430,2008,3,4,Mid
3430,2009,3,4,Mid
3430,2010,3,4,Mid
3430,2011,3,4,Mid
3430,2012,3,4,Mid
3435,2009,3,4,Mid
3435,2010,3,4,Mid
3435,2011,3,4,Mid
3435,2012,3,4,Mid
3440,2005,3,4,Mid
3440,2012,2,4,Late
3450,2005,3,4,Mid
3450,2006,3,4,Mid
3450,2007,3,4,Mid
3460,2008,3,3,Late
3460,2009,3,3,Late
3480,2002,3,4,Early
3480,2003,3,4,Early
3480,2004,3,4,Early
3480,2005,3,4,Early
3480,2006,3,4,Early
3480,2007,3,4,Early
3485,2008,3,4,Early
3485,2009,3,4,Early
3485,2010,3,4,Early
3485,2011,3,4,Early
3485,2012,3,4,Early
3490,1997,3,4,Early
3490,1998,3,4,Early
3490,1999,3,4,Early
3490,2000,3,4,Early
3490,2001,3,4,Early
3490,2002,3,4,Early
3490,2003,3,4,Early
3490,2004,3,4,Early
3490,2005,3,4,Early
3490,2006,3,4,Early
3490,2007,3,4,Early
3490,2008,3,4,Early
3490,2009,3,4,Early
3490,2010,3,4,Early
3490,2011,3,4,Early
3490,2012,3,4,Early
3491,2005,3,4,Early
3491,2008,3,4,Early
3491,2009,3,4,Early
3491,2010,3,4,Early
3491,2011,3,4,Early
3491,2012,3,4,Early
3492,2005,3,4,Early
3495,2008,3,4,Early
3501,1998,3,5,Late
3501,2001,3,5,Late
3501,2002,3,5,Late
3501,2006,3,5,Late
3501,2007,3,5,Late
3501,2008,3,5,Late
3501,2009,3,5,Late
3501,2010,3,5,Late
3501,2011,3,5,Late
3501,2012,3,5,Late
3502,2006,2,5,Late
3502,2007,2,5,Late
3510,1997,3,5,Late
3510,1998,3,5,Late
3510,1999,3,5,Late
3510,2000,3,5,Late
3510,2001,3,5,Late
3510,2002,3,5,Late
3510,2003,3,5,Late
3510,2004,3,5,Late
3510,2005,3,5,Late
3520,1999,2,5,Late
3520,2000,2,5,Late
3520,2001,2,5,Late
3520,2002,2,5,Late
3520,2003,2,5,Late
3520,2004,2,5,Late
3520,2005,2,5,Late
3595,2000,2,2,Mid
3599,1998,2,2,Mid
3599,2000,2,2,Mid
3698,1999,3,4,Early
3698,2000,3,3,Early
3699,1999,2,3,Mid
3699,2000,2,3,Late
3699,2001,2,3,Late
3699,2002,2,3,Late
3699,2003,2,3,Late
3699,2004,2,3,Late
3893,2000,2,4,Mid
3895,2000,1,4,Late
3897,2000,2,4,Mid
3898,2000,2,4,Mid
4010,2007,3,1,Late
4010,2009,4,1,Early
4050,2010,4,2,Mid
4050,2011,4,2,Mid
4050,2012,4,2,Mid
4060,2012,4,2,Early
4070,2012,4,2,Early
4101,2005,4,1,Early
4101,2006,3,1,Mid
4102,2003,4,1,Early
4102,2004,4,1,Early
4102,2005,3,1,Late
4102,2006,4,1,Early
4102,2007,3,1,Late
4102,2008,4,1,Early
4102,2009,4,1,Early
4102,2010,4,1,Early
4102,2011,4,1,Early
4102,2012,4,1,Early
4103,2006,4,1,Mid
4103,2007,4,1,Mid
4103,2008,4,2,Late
4103,2009,4,1,Mid
4103,2010,4,2,Late
4103,2011,4,2,Late
4103,2012,4,1,Mid
4104,2007,3,1,Late
4104,2008,3,1,Late
4104,2009,3,1,Late
4104,2010,3,1,Late
4104,2011,3,1,Late
4104,2012,3,1,Late
4105,2008,3,1,Late
4110,2007,3,1,Mid
4110,2008,3,1,Mid
4110,2009,3,1,Mid
4110,2010,3,1,Mid
4110,2011,3,1,Mid
4110,2012,3,1,Mid
4111,2009,3,1,Mid
4111,2010,3,1,Mid
4111,2011,3,1,Mid
4111,2012,3,1,Mid
4119,2010,3,1,Mid
4119,2011,3,1,Mid
4120,2010,3,1,Mid
4120,2011,3,1,Mid
4120,2012,3,1,Mid
4201,2008,4,2,Early
4201,2009,4,2,Early
4201,2010,4,2,Early
4201,2011,4,2,Early
4201,2012,3,2,Late
4202,2008,4,2,Early
4203,2008,3,2,Late
4206,2001,4,2,Early
4206,2002,4,2,Early
4206,2003,4,2,Early
4206,2004,4,2,Early
4207,1999,4,2,Early
4207,2000,4,2,Early
4207,2001,4,2,Early
4207,2002,4,2,Early
4207,2003,4,2,Early
4207,2004,4,2,Early
4208,1997,3,2,Late
4208,1998,3,2,Late
4208,1999,3,2,Late
4208,2000,3,2,Mid
4208,2001,3,2,Mid
4208,2002,3,2,Mid
4208,2003,3,2,Mid
4208,2004,3,2,Mid
4209,1997,4,2,Early
4209,1998,4,2,Early
4209,1999,4,2,Early
4209,2000,4,2,Early
4209,2001,4,2,Early
4209,2002,4,2,Early
4209,2003,4,2,Early
4209,2004,4,2,Early
4209,2005,4,2,Early
4209,2006,4,2,Early
4209,2007,4,2,Early
4215,2009,3,2,Late
4215,2010,3,2,Mid
4215,2011,3,2,Late
4215,2012,3,2,Mid
4260,1999,3,2,Late
4260,2003,3,2,Late
4260,2005,3,2,Late
4260,2006,3,2,Mid
4260,2007,3,2,Mid
4260,2008,3,2,Mid
4260,2009,3,2,Mid
4260,2010,3,2,Mid
4260,2011,3,2,Mid
4260,2012,3,2,Mid
4270,1999,4,2,Early
4270,2000,4,2,Early
4270,2002,4,2,Early
4270,2003,4,2,Early
4270,2004,4,2,Early
4270,2005,4,2,Early
4270,2006,4,2,Early
4270,2007,4,2,Early
4270,2008,4,2,Early
4270,2009,4,2,Early
4270,2010,4,2,Early
4270,2011,4,2,Early
4270,2012,4,2,Early
4301,2008,4,3,Early
4302,2008,4,3,Early
4303,2008,3,3,Late
4310,1997,4,3,Early
4310,1998,4,3,Early
4310,1999,4,3,Early
4310,2000,4,3,Early
4310,2001,4,3,Early
4310,2002,4,3,Early
4310,2003,4,3,Early
4310,2004,4,3,Early
4310,2005,4,3,Early
4310,2006,4,3,Early
4310,2007,4,3,Early
4310,2008,4,3,Early
4310,2009,4,3,Early
4310,2010,4,3,Early
4310,2011,4,3,Early
4310,2012,4,3,Early
4311,2007,4,3,Early
4311,2008,4,3,Early
4311,2009,4,3,Early
4311,2010,4,3,Early
4311,2011,4,3,Early
4311,2012,4,3,Early
4312,2008,4,3,Early
4312,2009,4,3,Early
4312,2010,4,3,Early
4312,2011,4,3,Early
4312,2012,4,3,Early
4313,2012,4,3,Mid
4314,2012,4,3,Mid
4315,2009,4,3,Mid
4315,2011,4,3,Mid
4315,2012,4,3,Mid
4320,1997,3,3,Late
4320,1998,3,3,Late
4320,1999,3,3,Late
4320,2000,3,3,Late
4320,2001,3,3,Late
4320,2002,3,3,Late
4320,2003,3,3,Late
4320,2004,3,3,Late
4320,2005,3,4,Late
4320,2006,4,3,Early
4320,2007,4,3,Early
4320,2008,4,3,Early
4320,2009,4,3,Early
4320,2010,4,3,Early
4320,2011,4,3,Early
4320,2012,4,3,Early
4330,1997,4,3,Early
4330,1999,4,3,Early
4330,2000,4,4,Mid
4330,2001,4,4,Mid
4330,2002,4,4,Mid
4330,2003,4,3,Early
4330,2004,4,3,Early
4330,2005,4,4,Mid
4330,2006,4,3,Mid
4330,2007,4,3,Mid
4330,2008,4,3,Mid
4330,2009,4,3,Mid
4330,2010,4,3,Mid
4330,2011,4,3,Mid
4330,2012,4,3,Mid
4340,2009,4,3,Early
4340,2010,4,3,Early
4350,2009,4,2,Mid
4355,2008,4,3,Mid
4360,2010,3,3,Late
4360,2011,3,3,Late
4360,2012,3,3,Late
4370,2010,4,3,Early
4370,2011,4,3,Early
4370,2012,4,3,Early
4375,2011,4,3,Early
4375,2012,4,3,Early
4401,2008,3,4,Late
4409,1997,4,4,Mid
4409,1999,4,4,Mid
4409,2000,4,4,Mid
4409,2001,4,4,Mid
4409,2002,4,4,Mid
4409,2003,4,4,Mid
4409,2004,4,4,Mid
4410,1997,3,4,Mid
4410,1998,3,4,Mid
4410,1999,3,4,Mid
4410,2000,3,4,Late
4410,2001,3,4,Late
4410,2002,3,4,Late
4410,2003,3,4,Mid
4410,2004,3,4,Mid
4410,2005,3,4,Late
4410,2006,3,4,Late
4410,2007,3,4,Late
4410,2008,3,4,Late
4410,2009,3,4,Late
4410,2010,3,4,Late
4410,2011,3,4,Late
4410,2012,3,4,Late
4420,2000,4,4,Early
4420,2001,4,4,Early
4420,2002,4,4,Early
4420,2003,4,4,Early
4420,2004,4,4,Early
4420,2005,4,4,Early
4420,2006,4,4,Early
4420,2007,4,4,Early
4430,1999,4,4,Early
4430,2000,4,4,Early
4430,2001,4,4,Early
4430,2002,4,4,Early
4430,2003,4,4,Early
4430,2004,4,4,Early
4430,2005,4,4,Early
4433,2012,3,4,Late
4440,2008,4,3,Early
4440,2009,4,3,Early
4493,2002,3,1,Early
4493,2004,3,1,Early
4495,2002,2,2,Mid
4495,2003,2,2,Mid
4495,2004,2,2,Mid
4497,1999,3,1,Early
4497,2000,3,1,Early
4497,2001,3,1,Early
4497,2002,3,1,Early
4497,2003,3,1,Early
4497,2004,3,1,Early
4498,2000,2,2,Late
4498,2001,2,2,Late
4498,2003,2,2,Late
4498,2004,2,2,Late
4499,1999,2,2,Late
4499,2000,2,2,Late
4499,2001,2,2,Late
4499,2002,2,2,Late
4499,2003,2,2,Late
4499,2004,2,2,Late
4501,1998,4,5,Mid
4501,1999,4,5,Mid
4501,2000,4,5,Mid
4501,2001,4,5,Mid
4501,2002,4,5,Mid
4501,2005,4,5,Mid
4501,2006,4,5,Mid
4501,2007,4,5,Early
4501,2008,4,5,Early
4501,2009,4,5,Early
4501,2010,4,5,Early
4501,2011,4,5,Early
4501,2012,4,5,Early
4502,2000,4,5,Mid
4502,2001,4,5,Mid
4502,2002,4,5,Mid
4502,2003,4,5,Mid
4502,2004,4,5,Mid
4502,2005,4,5,Mid
4502,2006,4,5,Mid
4502,2007,4,5,Mid
4502,2008,4,5,Mid
4503,2007,4,5,Late
4503,2008,4,5,Mid
4503,2009,4,5,Mid
4503,2010,4,5,Mid
4503,2011,4,5,Mid
4503,2012,4,5,Mid
4504,2008,4,5,Mid
4504,2009,4,5,Mid
4504,2010,4,5,Mid
4504,2011,4,5,Mid
4504,2012,4,5,Mid
4506,2010,4,5,Late
4506,2011,4,5,Late
4506,2012,4,5,Late
4509,1998,4,5,Early
4509,1999,4,5,Early
4509,2001,4,5,Early
4509,2002,4,5,Early
4509,2005,4,5,Early
4510,1998,3,5,Late
4510,2000,4,5,Mid
4510,2001,4,5,Early
4510,2002,4,5,Early
4510,2003,4,5,Mid
4510,2004,4,5,Mid
4510,2005,4,5,Mid
4512,2004,2,2,Late
4516,2001,2,2,Late
4516,2002,2,2,Late
4516,2003,2,2,Late
4579,2002,2,2,Late
4581,2002,2,2,Mid
4583,2001,2,2,Late
4583,2002,2,2,Late
4583,2003,2,2,Late
4583,2004,2,2,Late
4586,1999,2,2,Late
4586,2000,2,2,Late
4586,2001,2,2,Late
4586,2002,2,2,Late
4586,2003,2,2,Late
4586,2004,2,2,Late
4587,2000,2,2,Late
4588,1997,2,2,Late
4588,2000,2,2,Late
4588,2001,2,2,Late
4589,1999,2,2,Late
4589,2000,2,2,Late
4589,2001,2,2,Late
4589,2002,2,2,Late
4589,2003,2,2,Late
4589,2004,2,2,Late
4590,2000,2,2,Late
4590,2001,2,2,Late
4590,2002,2,2,Late
4590,2003,2,2,Late
4590,2004,2,2,Late
4591,2000,2,2,Late
4592,2000,2,2,Mid
4592,2001,2,2,Mid
4592,2002,2,2,Late
4592,2003,2,2,Late
4592,2004,2,2,Late
4593,2000,2,2,Late
4593,2001,2,2,Late
4598,2002,2,2,Mid
4598,2003,2,2,Mid
4598,2004,2,2,Mid
4599,2000,2,2,Late
4599,2001,2,2,Late
4599,2002,2,2,Late
4599,2003,2,2,Late
4599,2004,2,2,Late
4641,2001,2,3,Late
4641,2002,2,3,Late
4641,2003,2,3,Late
4641,2004,2,3,Late
4699,2001,3,3,Early
4725,2001,3,4,Early
4725,2002,3,4,Early
4725,2003,3,4,Early
4725,2004,3,4,Early
4795,2002,2,4,Late
4795,2003,2,4,Late
4795,2004,2,4,Late
4799,1999,2,4,Late
4799,2000,2,4,Late
4799,2001,2,4,Late
4799,2002,2,4,Late
4799,2003,2,4,Late
4897,2000,2,4,Late
4899,2000,3,4,Early
4899,2002,3,4,Early
5010,1997,4,2,Late
5010,1999,4,2,Late
5010,2000,4,2,Late
5010,2001,4,2,Late
5010,2002,4,2,Late
5010,2003,4,2,Late
5010,2004,4,2,Late
5010,2005,5,2,Mid
5010,2006,5,2,Late
5010,2010,5,2,Late
5010,2011,5,2,Late
5010,2012,5,2,Late
5020,1997,5,2,Late
5020,2001,5,2,Late
5020,2002,5,2,Late
5020,2003,5,2,Late
5020,2004,5,2,Late
5020,2005,5,2,Late
5020,2006,5,2,Late
5020,2007,5,2,Late
5020,2008,5,2,Late
5020,2009,5,2,Late
5020,2010,5,2,Late
5020,2011,5,2,Late
5020,2012,5,2,Late
5030,1997,5,2,Late
5030,1998,5,2,Late
5030,2000,5,2,Late
5030,2001,5,2,Late
5030,2002,5,2,Late
5030,2003,5,2,Late
5030,2004,5,2,Late
5030,2005,5,2,Late
5030,2006,5,2,Late
5030,2007,5,2,Late
5030,2008,5,2,Late
5030,2009,5,2,Late
5030,2010,5,2,Late
5030,2011,5,2,Late
5030,2012,5,2,Late
5040,1997,5,2,Late
5040,1998,5,2,Late
5040,1999,5,2,Late
5040,2000,5,2,Late
5040,2001,5,2,Late
5040,2002,5,2,Late
5040,2003,5,2,Late
5040,2004,5,2,Late
5040,2005,5,2,Late
5040,2006,5,2,Late
5040,2007,5,2,Late
5040,2008,5,2,Late
5040,2009,5,2,Late
5040,2010,5,2,Late
5040,2011,5,2,Late
5040,2012,5,2,Late
5050,2005,5,2,Late
5050,2006,5,2,Late
5050,2007,5,2,Late
5050,2008,5,2,Late
5050,2009,5,2,Late
5050,2010,5,2,Late
5050,2011,5,2,Late
5050,2012,5,2,Late
5060,2005,5,2,Late
5060,2006,5,2,Late
5060,2007,5,2,Late
5060,2008,5,2,Late
5060,2009,5,2,Late
5060,2010,5,2,Late
5060,2011,5,2,Late
5060,2012,5,2,Late
5065,2009,5,2,Late
5065,2010,5,2,Late
5065,2011,5,2,Late
5065,2012,5,2,Late
5070,2006,4,2,Late
5070,2007,4,2,Late
5070,2008,4,2,Late
5070,2009,4,2,Late
5070,2010,4,2,Late
5070,2011,4,2,Late
5070,2012,4,2,Late
5080,2009,5,2,Late
5080,2010,5,2,Late
5080,2011,5,2,Late
5080,2012,5,2,Late
5081,2012,5,2,Late
5090,2009,5,2,Late
5090,2010,5,2,Late
5090,2011,5,2,Late
5090,2012,5,2,Late
5101,2000,4,1,Mid
5101,2001,4,1,Mid
5101,2002,4,1,Mid
5101,2003,3,1,Late
5101,2004,3,1,Late
5102,2007,4,1,Early
5102,2008,4,1,Early
5102,2009,4,1,Early
5102,2010,4,1,Early
5102,2011,4,1,Early
5102,2012,4,1,Early
5110,2010,2,3,Late
5110,2011,2,3,Late
5110,2012,2,3,Late
5201,2000,4,2,Late
5201,2001,4,2,Late
5201,2002,4,2,Late
5201,2008,5,3,Early
5210,1997,4,2,Late
5210,1998,4,2,Late
5210,1999,4,2,Late
5210,2000,4,2,Late
5210,2001,4,2,Late
5210,2002,4,2,Late
5210,2003,4,2,Late
5210,2004,4,2,Late
5210,2005,4,2,Late
5210,2006,4,2,Mid
5210,2007,4,3,Late
5210,2008,4,2,Mid
5210,2009,4,2,Mid
5210,2010,4,2,Mid
5210,2011,4,2,Mid
5210,2012,4,2,Mid
5220,1997,4,2,Late
5220,1998,4,2,Late
5220,1999,4,2,Late
5220,2000,4,2,Late
5220,2001,4,2,Late
5220,2002,4,2,Late
5220,2003,4,2,Late
5220,2004,4,2,Late
5220,2005,4,2,Late
5220,2006,4,2,Late
5220,2007,4,2,Late
5220,2008,4,2,Late
5220,2009,4,2,Late
5220,2010,4,2,Late
5220,2011,4,2,Late
5220,2012,4,2,Late
5225,2008,4,2,Late
5230,1997,5,2,Mid
5230,1998,5,2,Mid
5230,1999,5,2,Mid
5230,2000,5,2,Mid
5230,2001,5,2,Mid
5230,2002,5,2,Mid
5230,2003,5,2,Mid
5230,2004,5,2,Mid
5230,2005,5,2,Mid
5230,2006,5,3,Mid
5230,2007,5,3,Mid
5230,2008,5,2,Mid
5230,2009,5,2,Mid
5230,2010,5,2,Mid
5230,2011,5,2,Mid
5230,2012,5,2,Mid
5235,2010,4,2,Late
5235,2011,4,2,Late
5235,2012,4,2,Late
5240,1997,5,2,Late
5240,1998,5,2,Late
5240,1999,5,2,Late
5240,2000,5,2,Late
5240,2001,5,2,Late
5240,2002,5,2,Late
5240,2003,5,2,Late
5240,2004,5,2,Late
5240,2005,5,2,Late
5240,2006,5,2,Late
5240,2007,5,2,Late
5240,2008,5,2,Late
5240,2009,5,2,Late
5240,2010,5,2,Late
5240,2011,5,2,Late
5240,2012,5,2,Late
5241,2008,5,2,Late
5241,2009,5,2,Late
5241,2010,5,2,Late
5241,2011,5,2,Late
5241,2012,5,2,Late
5245,2009,5,2,Late
5245,2010,5,2,Late
5245,2011,5,2,Late
5245,2012,5,2,Late
5250,1997,5,2,Late
5250,1998,5,2,Late
5250,1999,5,2,Late
5250,2000,5,2,Late
5250,2001,5,2,Late
5250,2002,5,2,Late
5250,2003,5,2,Late
5250,2004,5,2,Late
5250,2005,5,2,Late
5250,2006,5,2,Late
5250,2007,5,2,Late
5250,2008,5,2,Late
5250,2009,5,2,Late
5250,2010,5,2,Late
5250,2011,5,2,Late
5250,2012,5,2,Late
5260,1997,5,2,Late
5260,1998,5,2,Late
5260,1999,5,2,Late
5260,2000,5,2,Late
5260,2001,5,2,Late
5260,2002,5,2,Late
5260,2003,5,2,Late
5260,2004,5,2,Late
5260,2005,5,2,Late
5260,2006,6,2,Early
5260,2007,6,2,Early
5260,2008,5,2,Late
5260,2009,5,2,Late
5260,2010,5,2,Late
5260,2011,5,2,Late
5260,2012,5,2,Late
5265,2012,5,2,Late
5270,1997,5,2,Late
5270,1998,5,2,Late
5270,1999,5,2,Late
5270,2000,5,2,Late
5270,2001,5,2,Late
5270,2002,5,2,Late
5270,2003,5,2,Late
5270,2004,5,2,Late
5270,2005,5,2,Late
5270,2006,6,2,Early
5270,2007,6,2,Early
5270,2008,5,2,Late
5270,2009,5,2,Late
5270,2012,5,2,Mid
5280,2006,5,2,Mid
5280,2007,5,2,Mid
5280,2008,5,2,Early
5280,2009,5,2,Early
5280,2012,5,2,Early
5290,2011,5,2,Late
5290,2012,5,2,Late
5301,1997,4,3,Late
5301,1998,4,3,Late
5301,1999,4,3,Late
5301,2000,4,3,Late
5301,2001,4,3,Late
5301,2002,4,3,Late
5301,2003,4,3,Late
5301,2004,4,3,Late
5301,2005,4,3,Late
5301,2006,4,3,Late
5301,2007,4,3,Late
5302,2001,4,3,Late
5302,2002,4,3,Late
5302,2003,4,3,Late
5302,2004,4,3,Late
5302,2008,4,3,Late
5303,1997,4,3,Mid
5303,1998,4,3,Mid
5303,1999,4,3,Mid
5303,2000,4,3,Mid
5303,2001,4,3,Mid
5303,2002,4,3,Mid
5303,2003,4,3,Mid
5303,2004,4,3,Mid
5304,1999,4,3,Mid
5304,2000,4,3,Mid
5304,2001,4,3,Mid
5304,2002,4,3,Mid
5304,2003,4,3,Mid
5304,2004,4,3,Mid
5304,2005,4,3,Mid
5304,2006,4,3,Mid
5304,2007,4,3,Late
5304,2008,4,3,Mid
5304,2009,4,3,Late
5304,2010,4,3,Mid
5304,2011,4,3,Mid
5304,2012,4,3,Mid
5305,2001,5,3,Late
5305,2002,5,3,Late
5305,2003,5,3,Late
5305,2004,5,3,Late
5320,1997,5,3,Mid
5320,1998,5,3,Mid
5320,1999,5,3,Mid
5320,2000,5,3,Mid
5320,2001,5,3,Mid
5320,2002,5,3,Mid
5320,2003,5,3,Mid
5320,2004,5,3,Mid
5320,2005,5,3,Mid
5320,2006,5,3,Mid
5320,2007,5,3,Mid
5320,2008,5,3,Mid
5320,2009,5,3,Mid
5320,2010,5,3,Mid
5320,2011,5,3,Mid
5320,2012,5,3,Mid
5325,2011,6,3,Early
5325,2012,6,3,Early
5330,2005,4,3,Mid
5330,2006,4,3,Mid
5330,2007,4,3,Mid
5330,2008,4,3,Mid
5340,2002,4,3,Late
5340,2004,4,3,Late
5340,2005,4,3,Mid
5340,2006,4,3,Mid
5340,2007,4,3,Late
5340,2008,4,3,Mid
5340,2009,4,3,Late
5340,2010,4,3,Mid
5340,2011,4,3,Mid
5340,2012,4,3,Late
5341,2009,4,3,Late
5399,1999,3,1,Mid
5401,2008,4,4,Mid
5402,2011,4,4,Mid
5410,1997,4,3,Late
5410,1998,4,3,Late
5410,1999,4,3,Late
5410,2000,4,3,Late
5410,2001,4,3,Late
5410,2002,4,3,Late
5410,2003,4,3,Late
5410,2004,4,3,Late
5410,2005,4,4,Mid
5410,2006,4,4,Mid
5410,2007,4,4,Mid
5410,2008,4,4,Mid
5410,2009,4,4,Mid
5410,2010,4,4,Mid
5410,2011,4,4,Mid
5410,2012,4,4,Mid
5501,1997,5,5,Early
5501,1998,5,5,Early
5501,1999,5,5,Early
5501,2000,5,5,Early
5501,2001,5,5,Early
5501,2002,5,5,Early
5501,2003,5,5,Early
5501,2004,5,5,Early
5501,2005,6,5,Early
5502,2000,5,5,Mid
5502,2001,5,5,Mid
5502,2002,5,5,Mid
5502,2003,5,5,Mid
5502,2004,5,5,Mid
5502,2005,5,5,Mid
5503,2007,4,5,Late
5595,2000,3,2,Early
5595,2001,3,2,Early
5597,2000,2,2,Late
5599,1999,3,2,Early
5599,2000,3,2,Early
5599,2001,3,2,Early
5599,2002,3,2,Early
5599,2003,3,2,Early
5599,2004,3,2,Early
5695,2000,3,3,Early
5698,1999,3,3,Mid
5699,1999,2,3,Late
5699,2000,2,3,Late
5699,2001,2,3,Late
5699,2002,2,3,Late
5699,2003,2,3,Late
5699,2004,2,3,Late
5788,2000,3,4,Early
5789,2000,3,4,Early
5789,2001,3,4,Early
5789,2002,3,4,Early
5789,2003,3,4,Early
5789,2004,3,4,Early
5790,2000,3,4,Early
5790,2001,3,4,Early
5790,2002,3,4,Early
5790,2003,3,4,Early
5790,2004,3,4,Early
5791,2000,3,4,Early
5791,2001,3,4,Early
5791,2003,3,4,Early
5791,2004,3,4,Early
5792,2001,3,4,Early
5792,2002,3,4,Early
5792,2003,3,4,Early
5792,2004,3,4,Early
5793,1999,3,4,Early
5793,2000,3,4,Early
5793,2001,3,4,Early
5793,2002,3,4,Early
5793,2003,3,4,Early
5793,2004,3,4,Early
5794,1999,3,4,Mid
5794,2000,3,4,Mid
5795,2000,3,4,Mid
5795,2001,3,4,Early
5795,2002,3,4,Early
5795,2003,3,4,Early
5796,2001,3,4,Early
5798,2000,3,4,Mid
5895,2000,3,4,Mid
5895,2001,3,4,Mid
5895,2002,3,4,Mid
5899,2000,3,4,Late
5899,2001,3,4,Late
5899,2002,3,4,Late
5899,2003,3,4,Late
5899,2004,3,4,Late
6010,1999,6,3,Mid
6010,2001,6,3,Mid
6010,2002,6,3,Mid
6010,2005,6,3,Mid
6010,2006,6,3,Mid
6101,2005,5,1,Late
6110,2001,6,1,Late
6110,2002,6,1,Late
6202,2005,7,2,Mid
6202,2006,7,2,Mid
6202,2007,7,2,Mid
6202,2009,7,2,Mid
6202,2012,6,2,Late
6203,2000,6,2,Mid
6203,2001,6,2,Mid
6203,2002,6,2,Mid
6203,2003,6,2,Mid
6203,2004,6,2,Mid
6203,2005,6,2,Mid
6203,2006,6,2,Mid
6203,2007,6,2,Mid
6203,2008,6,2,Mid
6203,2009,6,2,Mid
6203,2010,6,2,Mid
6203,2011,6,2,Mid
6203,2012,6,2,Mid
6204,2011,7,2,Mid
6204,2012,7,2,Mid
6210,1997,6,2,Early
6210,1998,6,2,Early
6210,1999,6,2,Early
6210,2000,6,2,Early
6210,2001,6,2,Early
6210,2002,6,2,Early
6210,2003,6,2,Early
6210,2004,6,2,Early
6210,2005,6,2,Early
6210,2006,6,2,Early
6210,2007,6,2,Early
6210,2008,6,2,Early
6210,2009,6,2,Early
6210,2010,6,2,Early
6210,2011,6,2,Early
6210,2012,6,2,Early
6220,1997,6,2,Early
6220,1998,6,2,Early
6220,1999,6,2,Early
6220,2001,5,2,Late
6220,2002,5,2,Late
6220,2010,6,2,Early
6220,2011,6,2,Early
6220,2012,6,2,Early
6230,1997,6,2,Mid
6230,1998,6,2,Mid
6230,1999,6,2,Mid
6230,2000,6,2,Mid
6230,2001,6,2,Mid
6230,2002,6,2,Mid
6230,2003,6,2,Mid
6230,2004,6,2,Mid
6230,2006,7,3,Early
6230,2007,7,2,Early
6230,2008,6,2,Late
6230,2009,6,2,Late
6240,2000,7,2,Early
6240,2001,7,2,Early
6240,2002,7,2,Early
6240,2006,6,2,Mid
6240,2007,6,2,Mid
6240,2008,6,2,Early
6240,2009,6,2,Early
6240,2010,6,2,Early
6240,2011,6,2,Early
6240,2012,6,2,Early
6280,2002,6,2,Mid
6280,2003,6,2,Mid
6280,2004,6,2,Mid
6280,2005,6,2,Mid
6280,2006,6,3,Mid
6280,2007,6,2,Early
6280,2008,6,2,Early
6280,2009,6,2,Early
6280,2010,6,2,Early
6301,1998,6,3,Mid
6301,1999,6,3,Mid
6301,2001,6,3,Mid
6301,2002,6,3,Mid
6301,2003,6,3,Mid
6301,2004,6,3,Mid
6301,2005,6,3,Mid
6301,2006,6,3,Mid
6301,2007,6,3,Mid
6302,2005,7,3,Early
6302,2006,7,3,Early
6303,2005,7,3,Mid
6303,2006,7,3,Mid
6304,2007,7,3,Early
6304,2008,7,3,Early
6304,2009,7,3,Early
6304,2010,7,3,Early
6304,2011,6,3,Late
6304,2012,7,3,Early
6305,2011,6,3,Mid
6305,2012,6,3,Mid
6310,1999,7,3,Mid
6310,2001,6,3,Late
6310,2002,6,3,Late
6310,2003,6,3,Late
6310,2004,6,3,Late
6310,2009,6,2,Mid
6310,2010,6,3,Mid
6310,2011,6,3,Late
6310,2012,6,3,Mid
6320,1997,7,3,Early
6320,2001,7,3,Early
6320,2002,7,3,Early
6320,2005,6,3,Mid
6320,2006,6,3,Late
6320,2007,6,3,Late
6320,2008,6,3,Mid
6320,2009,6,3,Mid
6330,2008,6,3,Late
6330,2009,6,3,Late
6330,2010,6,3,Late
6330,2011,7,3,Early
6330,2012,6,3,Late
6340,2012,6,3,Late
6399,1999,3,1,Early
6399,2000,3,1,Early
6399,2001,3,1,Early
6399,2002,3,1,Early
6399,2003,3,1,Early
6399,2004,3,1,Early
6406,2002,3,1,Mid
6444,2004,3,1,Early
6493,2002,3,1,Mid
6493,2003,3,1,Mid
6493,2004,3,1,Mid
6495,2001,3,1,Mid
6495,2002,3,1,Mid
6495,2003,3,1,Mid
6495,2004,3,1,Mid
6496,1999,3,1,Early
6499,1999,2,2,Late
6501,2000,6,5,Late
6501,2001,6,5,Late
6501,2002,6,5,Late
6501,2003,7,5,Early
6501,2004,7,5,Early
6501,2005,6,5,Late
6510,1997,6,5,Late
6510,1998,6,5,Late
6510,1999,6,5,Late
6510,2000,6,5,Late
6510,2001,6,5,Late
6510,2002,6,5,Late
6510,2003,6,5,Late
6510,2004,6,5,Late
6510,2005,6,5,Late
6510,2006,6,5,Late
6510,2007,6,5,Late
6510,2008,6,5,Late
6510,2009,6,5,Late
6510,2010,6,5,Late
6510,2011,6,5,Late
6510,2012,6,5,Late
6512,2008,6,5,Late
6512,2009,6,5,Late
6512,2010,6,5,Late
6512,2011,6,5,Late
6512,2012,6,5,Late
6520,1997,6,5,Late
6520,1998,6,5,Late
6520,1999,6,5,Late
6520,2000,6,5,Late
6520,2001,6,5,Late
6520,2002,6,5,Late
6520,2003,6,5,Late
6520,2004,6,5,Late
6520,2005,6,5,Late
6520,2006,6,5,Late
6520,2007,6,5,Late
6520,2008,7,5,Early
6520,2009,6,5,Late
6520,2010,6,5,Late
6520,2011,6,5,Late
6520,2012,6,5,Late
6521,2008,6,5,Late
6521,2009,6,5,Late
6521,2010,6,5,Late
6521,2011,6,5,Late
6521,2012,6,5,Late
6530,2001,7,5,Early
6530,2002,7,5,Early
6530,2003,7,5,Early
6530,2004,7,5,Early
6530,2005,7,5,Early
6530,2006,7,5,Early
6530,2007,7,5,Early
6530,2008,7,5,Early
6530,2009,7,5,Early
6530,2010,7,5,Early
6530,2011,7,5,Early
6530,2012,7,5,Early
6540,1997,6,5,Late
6540,1998,6,5,Late
6540,1999,6,5,Late
6540,2000,6,5,Late
6540,2001,6,5,Late
6540,2002,6,5,Late
6540,2003,6,5,Late
6540,2004,6,5,Late
6540,2005,6,5,Late
6540,2006,6,5,Late
6540,2007,6,5,Late
6540,2008,6,5,Late
6540,2009,6,5,Late
6540,2010,6,5,Late
6540,2011,6,5,Late
6540,2012,6,5,Late
6550,2002,6,5,Mid
6550,2003,6,5,Mid
6550,2004,6,5,Mid
6550,2005,6,5,Mid
6550,2006,6,5,Mid
6550,2007,6,5,Mid
6550,2008,6,5,Mid
6550,2009,6,5,Mid
6550,2010,6,5,Mid
6550,2011,6,5,Mid
6550,2012,6,5,Mid
6560,2006,6,5,Mid
6560,2007,6,5,Mid
6560,2008,6,5,Mid
6570,2007,6,5,Mid
6570,2008,6,5,Late
6570,2009,6,5,Mid
6570,2010,6,5,Mid
6570,2011,6,5,Mid
6570,2012,6,5,Mid
6590,2012,7,5,Early
6593,2002,3,2,Mid
6593,2003,3,2,Mid
6593,2004,3,2,Mid
6595,2000,3,2,Early
6595,2001,3,2,Early
6595,2002,3,2,Early
6595,2003,3,2,Early
6595,2004,3,2,Early
6610,2002,3,3,Early
6610,2003,3,3,Early
6610,2004,3,3,Early
6612,2002,3,3,Mid
6612,2003,3,3,Mid
6612,2004,3,3,Mid
6614,2002,3,3,Mid
6614,2003,3,3,Mid
6614,2004,3,3,Mid
6690,2000,3,3,Mid
6692,2000,3,3,Mid
6695,2000,3,3,Mid
6695,2001,3,3,Mid
6697,2000,3,3,Early
6697,2002,3,3,Early
6697,2003,3,3,Early
6697,2004,3,3,Early
6698,2000,3,3,Late
6698,2001,3,3,Late
6698,2002,3,3,Late
6698,2003,3,3,Late
6699,1999,3,3,Mid
6699,2000,3,3,Mid
6699,2001,3,3,Mid
6699,2002,3,3,Mid
6699,2003,3,3,Mid
6699,2004,3,3,Mid
6761,2004,3,4,Early
6796,2004,3,4,Mid
6799,1999,3,4,Mid
6799,2000,3,4,Mid
6799,2001,3,4,Mid
6799,2002,3,4,Mid
6799,2003,3,4,Mid
6799,2004,3,4,Mid
6890,2004,3,4,Mid
6893,2002,3,4,Early
6997,2000,4,5,Late
6997,2003,4,5,Late
6997,2004,4,5,Late
6999,2000,4,5,Mid
7101,2001,8,1,Mid
7101,2002,8,1,Mid
7201,1997,8,2,Early
7201,1998,8,2,Early
7201,1999,8,2,Early
7201,2000,8,2,Early
7201,2001,8,2,Early
7201,2002,8,2,Early
7201,2003,8,2,Early
7201,2004,8,2,Early
7201,2005,8,2,Early
7201,2006,8,2,Early
7201,2008,8,2,Early
7201,2009,8,2,Early
7201,2010,8,2,Early
7201,2011,8,2,Early
7201,2012,8,2,Early
7202,2000,7,2,Late
7202,2001,7,2,Late
7202,2002,7,2,Late
7202,2003,7,2,Late
7202,2004,7,2,Late
7202,2005,7,2,Mid
7202,2006,7,2,Mid
7301,2002,8,3,Early
7301,2003,8,3,Early
7301,2004,8,3,Early
7301,2005,8,3,Early
7301,2006,8,3,Early
7301,2007,8,3,Early
7301,2008,8,3,Early
7301,2009,8,3,Early
7301,2010,8,3,Early
7301,2011,8,3,Early
7301,2012,8,3,Early
7401,2004,7,4,Mid
7401,2005,8,4,Early
7401,2006,8,4,Early
7401,2007,7,4,Late
7401,2008,7,4,Late
7401,2009,7,4,Late
7401,2010,7,4,Late
7401,2011,7,4,Late
7401,2012,7,4,Late
7402,1997,6,4,Mid
7402,1998,6,4,Mid
7402,1999,8,4,Early
7402,2000,8,4,Early
7402,2001,8,4,Early
7402,2002,8,4,Early
7402,2003,8,4,Early
7402,2004,8,4,Early
7402,2005,8,4,Early
7402,2006,8,4,Early
7402,2007,8,4,Early
7402,2008,8,4,Early
7402,2009,8,4,Early
7402,2010,8,4,Early
7402,2011,8,4,Early
7402,2012,8,4,Early
7403,2001,7,4,Late
7403,2002,7,4,Late
7403,2003,7,4,Late
7403,2004,7,4,Late
7403,2005,8,4,Early
7403,2006,8,4,Early
7403,2007,8,4,Early
7403,2008,7,4,Late
7403,2009,8,4,Early
7403,2010,8,4,Early
7403,2011,7,4,Late
7403,2012,7,4,Late
7404,2003,7,4,Early
7404,2005,7,4,Early
7501,2000,7,5,Mid
7501,2001,7,5,Mid
7501,2002,7,5,Mid
7501,2004,7,5,Late
7501,2005,7,5,Late
7501,2006,7,5,Late
7501,2007,7,5,Late
7501,2009,7,5,Late
7501,2010,7,5,Late
7501,2011,7,5,Late
7501,2012,7,5,Late
7502,1998,7,5,Late
7502,2001,7,5,Late
7502,2002,7,5,Late
7510,1997,7,5,Mid
7510,2000,7,5,Mid
7510,2001,7,5,Mid
7510,2002,7,5,Late
7510,2003,7,5,Late
7510,2004,7,5,Late
7510,2005,7,5,Mid
7510,2006,7,5,Mid
7510,2007,7,5,Mid
7510,2008,7,5,Mid
7510,2009,7,5,Mid
7510,2010,7,5,Mid
7510,2011,7,5,Mid
7510,2012,7,5,Mid
7597,1999,3,2,Late
7597,2000,3,2,Late
7597,2001,3,2,Late
7597,2002,3,2,Late
7597,2003,3,2,Late
7597,2004,3,2,Late
7598,1999,3,2,Late
7598,2003,3,2,Late
7695,2000,4,3,Mid
7695,2002,4,3,Mid
7695,2003,4,3,Mid
7695,2004,4,3,Mid
7699,1999,4,3,Early
7699,2000,4,3,Early
7699,2001,4,3,Early
7699,2002,4,3,Early
7699,2003,4,3,Early
7699,2004,4,3,Early
7789,2003,3,4,Late
7796,1999,4,4,Early
7796,2000,4,4,Early
7796,2001,4,4,Early
7796,2002,4,4,Early
7796,2003,4,4,Early
7796,2004,4,4,Early
7797,1999,4,4,Mid
7797,2000,4,4,Mid
7797,2001,4,4,Mid
7797,2002,4,4,Mid
7797,2003,4,4,Mid
7797,2004,4,4,Mid
7798,1999,4,4,Early
7798,2000,4,4,Early
7798,2001,4,4,Early
7798,2002,4,4,Early
7798,2003,4,4,Early
7798,2004,4,4,Early
7799,2000,3,4,Late
8101,1998,8,1,Late
8101,2001,8,1,Late
8101,2002,8,1,Late
8102,2001,8,1,Early
8102,2002,8,1,Early
8102,2003,8,1,Early
8102,2004,8,1,Early
8301,1997,8,3,Early
8301,1998,8,3,Early
8301,2001,8,3,Early
8301,2002,8,3,Early
8393,2000,4,1,Early
8395,2000,3,1,Late
8399,2000,4,1,Mid
8401,2009,8,4,Early
8401,2010,8,4,Early
8401,2011,8,4,Early
8401,2012,8,4,Early
8410,2007,9,4,Early
8410,2008,9,4,Early
8410,2009,9,4,Early
8436,2001,3,1,Late
8436,2003,3,1,Late
8436,2004,3,1,Late
8495,2001,4,1,Mid
8498,1999,3,1,Late
8498,2001,3,1,Late
8498,2002,3,1,Late
8498,2003,3,1,Late
8498,2004,3,1,Late
8543,2002,5,3,Early
8543,2004,5,3,Early
8598,2002,4,2,Early
8598,2003,4,2,Early
8598,2004,4,2,Early
8599,1999,4,2,Early
8599,2000,4,2,Early
8599,2001,4,2,Early
8599,2002,4,2,Early
8599,2003,4,2,Early
8599,2004,4,2,Early
8601,2004,4,3,Mid
8691,2002,4,3,Mid
8691,2004,4,3,Late
8692,2002,4,3,Early
8692,2003,4,3,Early
8693,2000,4,3,Mid
8693,2001,4,3,Mid
8693,2002,4,3,Mid
8693,2003,4,3,Mid
8693,2004,4,3,Mid
8694,2001,4,3,Early
8695,2000,4,3,Early
8696,2002,4,3,Early
8696,2003,4,3,Early
8697,2004,4,3,Early
8698,2000,4,3,Late
8698,2001,4,3,Late
8730,2002,5,4,Early
8730,2003,4,4,Late
8730,2004,4,4,Late
8795,2000,4,3,Late
8795,2001,4,3,Late
8796,2002,4,4,Mid
8796,2003,4,4,Mid
8796,2004,4,4,Mid
8797,2000,5,4,Early
8799,1999,4,4,Late
8799,2001,5,2,Mid
8799,2002,5,2,Late
8799,2003,5,2,Late
8899,2000,3,4,Late
8995,2000,6,5,Mid
8995,2001,6,5,Mid
8995,2003,6,5,Mid
8995,2004,6,5,Mid
8999,2000,6,5,Late
8999,2001,6,5,Late
8999,2003,6,5,Late
8999,2004,6,5,Late
9611,2002,5,3,Early
9795,2002,6,2,Mid
